-- Your SQL goes here

-- user | start
INSERT INTO users ("id", "email", "password", "is_active", "is_staff", "is_superuser", "with_full_access", "date_joined") VALUES ('87a1bd29-7953-493e-a3bf-10aafa648278', 'mail@alena.red', '$argon2id$v=19$m=19456,t=2,p=1$ahbTDXjRsUvSRF6pk1roiQ$hDHdoG6v065wOUnnBqIVpY2YxHayrZX18nOFuo+hZDg', true, true, true, true, '2020-03-09 22:08:03.000101+00') ON CONFLICT DO NOTHING;
INSERT INTO user_profile ("id", "user_id", "theme", "language", "units", "nickname") VALUES ('1adbf411-68d0-49a6-9cdb-b437f4b2c75f', '87a1bd29-7953-493e-a3bf-10aafa648278', 'system', 'en', 'metric', 'Keira') ON CONFLICT DO NOTHING;

INSERT INTO users ("id", "email", "password", "is_active", "is_staff", "is_superuser", "with_full_access", "date_joined") VALUES ('00000000-0000-0000-0000-000000000000', 'mail@tanuki.health', '$argon2id$v=19$m=19456,t=2,p=1$ahbTDXjRsUvSRF6pk1roiQ$hDHdoG6v065wOUnnBqIVpY2YxHayrZX18nOFuo+hZDg', true, true, true, true, '2020-03-09 22:08:03.000101+00') ON CONFLICT DO NOTHING;
INSERT INTO user_profile ("id", "user_id", "theme", "language", "units", "nickname") VALUES ('00000000-0000-0000-0000-000000000000', '00000000-0000-0000-0000-000000000000', 'system', 'en', 'metric', 'System') ON CONFLICT DO NOTHING;
-- user | end















-- categories table | Start
INSERT INTO categories ("id", "user_id", "name", "icon", "color") VALUES ('c1c3b0aa-d823-4845-a15d-b4c4e2360003', '87a1bd29-7953-493e-a3bf-10aafa648278', 'Baked', '🍈', '#E093B2') ON CONFLICT DO NOTHING;
INSERT INTO categories ("id", "user_id", "name", "icon", "color") VALUES ('7e14e867-9a7a-44ae-a3b1-2a39057308fa', '87a1bd29-7953-493e-a3bf-10aafa648278', 'Cereals', '🍕', '#EC9455') ON CONFLICT DO NOTHING;
INSERT INTO categories ("id", "user_id", "name", "icon", "color") VALUES ('66d25983-a6ee-4b3b-9b45-679cda9a33ae', '87a1bd29-7953-493e-a3bf-10aafa648278', 'Dairy', '🍗', '#B9A88D') ON CONFLICT DO NOTHING;
INSERT INTO categories ("id", "user_id", "name", "icon", "color") VALUES ('cf4fdebe-234f-40ae-ac48-ea631cde7b7c', '87a1bd29-7953-493e-a3bf-10aafa648278', 'Fruit', '🥤', '#BE93E4') ON CONFLICT DO NOTHING;
INSERT INTO categories ("id", "user_id", "name", "icon", "color") VALUES ('f6a0b120-3723-4962-852b-de6cfe72b909', '87a1bd29-7953-493e-a3bf-10aafa648278', 'Tuber', '🍷', '#CF91D8') ON CONFLICT DO NOTHING;
INSERT INTO categories ("id", "user_id", "name", "icon", "color") VALUES ('456303ee-3fc0-411c-9aea-75ca440832cf', '87a1bd29-7953-493e-a3bf-10aafa648278', 'Vegetable', '🫕', '#C2A499') ON CONFLICT DO NOTHING;
INSERT INTO categories ("id", "user_id", "name", "icon", "color") VALUES ('c2f683a1-85cb-44fb-b521-46aae7a7f7dc', '87a1bd29-7953-493e-a3bf-10aafa648278', 'Mushroom', '🥦', '#8DB654') ON CONFLICT DO NOTHING;
INSERT INTO categories ("id", "user_id", "name", "icon", "color") VALUES ('ded62802-936f-4087-aa4c-6aced8322b73', '87a1bd29-7953-493e-a3bf-10aafa648278', 'Nuts', '🧊', '#BE93E4') ON CONFLICT DO NOTHING;
INSERT INTO categories ("id", "user_id", "name", "icon", "color") VALUES ('c9fc5daf-7c58-450c-a2e4-e3b656c4ee5d', '87a1bd29-7953-493e-a3bf-10aafa648278', 'Seeds', '🍼', '#EC9455') ON CONFLICT DO NOTHING;
INSERT INTO categories ("id", "user_id", "name", "icon", "color") VALUES ('1c2a3617-ebc3-4368-a2bf-9b2b27ce9f5d', '87a1bd29-7953-493e-a3bf-10aafa648278', 'Legumes', '🥯', '#EC9455') ON CONFLICT DO NOTHING;
INSERT INTO categories ("id", "user_id", "name", "icon", "color") VALUES ('baffc64d-a01c-471f-8149-6e21653c286b', '87a1bd29-7953-493e-a3bf-10aafa648278', 'Meat', '🍉', '#3DB9CF') ON CONFLICT DO NOTHING;
INSERT INTO categories ("id", "user_id", "name", "icon", "color") VALUES ('03eee3ff-ea47-4cff-96a9-99d9da37a173', '87a1bd29-7953-493e-a3bf-10aafa648278', 'Seafood', '🍑', '#3DB9CF') ON CONFLICT DO NOTHING;
INSERT INTO categories ("id", "user_id", "name", "icon", "color") VALUES ('b3e17021-0c77-44f3-9d57-4b7f6b711b2e', '87a1bd29-7953-493e-a3bf-10aafa648278', 'Grains', '🧃', '#CF91D8') ON CONFLICT DO NOTHING;
INSERT INTO categories ("id", "user_id", "name", "icon", "color") VALUES ('f8a78cac-358f-4dbc-9fc9-1c0372a83e36', '87a1bd29-7953-493e-a3bf-10aafa648278', 'Appetizer', '🍽', '#8DA4EF') ON CONFLICT DO NOTHING;
INSERT INTO categories ("id", "user_id", "name", "icon", "color") VALUES ('78b343c7-adfe-4adb-8d84-3ee63eda0c4e', '00000000-0000-0000-0000-000000000000', 'Condiment', '🥧', '#DD93C2') ON CONFLICT DO NOTHING;
INSERT INTO categories ("id", "user_id", "name", "icon", "color") VALUES ('e3adc74e-f878-4477-a777-6aa53b0a7123', '00000000-0000-0000-0000-000000000000', 'Confectionery', '🫕', '#CEA37E') ON CONFLICT DO NOTHING;
INSERT INTO categories ("id", "user_id", "name", "icon", "color") VALUES ('a8e33c44-6dcc-4c55-99f7-e753e6a3e875', '87a1bd29-7953-493e-a3bf-10aafa648278', 'Dessert', '🥯', '#4CBBA5') ON CONFLICT DO NOTHING;
INSERT INTO categories ("id", "user_id", "name", "icon", "color") VALUES ('d1400322-a8a4-4def-b8c8-fb9c1c5bb7bf', '00000000-0000-0000-0000-000000000000', 'Dumplings', '🍿', '#D5AE39') ON CONFLICT DO NOTHING;
INSERT INTO categories ("id", "user_id", "name", "icon", "color") VALUES ('8452526c-9918-4e6f-8ee6-9e143beda93b', '87a1bd29-7953-493e-a3bf-10aafa648278', 'Fast Food', '🥖', '#B9A88D') ON CONFLICT DO NOTHING;
INSERT INTO categories ("id", "user_id", "name", "icon", "color") VALUES ('afea9d63-007b-4350-92a0-da9e725a2538', '00000000-0000-0000-0000-000000000000', 'Noodles', '🧊', '#8DB654') ON CONFLICT DO NOTHING;
INSERT INTO categories ("id", "user_id", "name", "icon", "color") VALUES ('731c8c71-e36d-4578-8fe1-8b34beb9fa5a', '00000000-0000-0000-0000-000000000000', 'Pie', '🍯', '#B9A88D') ON CONFLICT DO NOTHING;
INSERT INTO categories ("id", "user_id", "name", "icon", "color") VALUES ('508c1fac-2d63-4750-a1f9-01605316f969', '87a1bd29-7953-493e-a3bf-10aafa648278', 'Salads', '🍞', '#56BA9F') ON CONFLICT DO NOTHING;
INSERT INTO categories ("id", "user_id", "name", "icon", "color") VALUES ('1b9948f7-099b-428c-ba5c-885a2c1375c5', '87a1bd29-7953-493e-a3bf-10aafa648278', 'Sandwiches', '🎂', '#5EB1EF') ON CONFLICT DO NOTHING;
INSERT INTO categories ("id", "user_id", "name", "icon", "color") VALUES ('590fd250-ddee-4859-9e09-7e88be6459d2', '87a1bd29-7953-493e-a3bf-10aafa648278', 'Sauces', '🌭', '#B9A88D') ON CONFLICT DO NOTHING;
INSERT INTO categories ("id", "user_id", "name", "icon", "color") VALUES ('0163d53b-dd6d-421c-b35a-ab55cd30b55c', '00000000-0000-0000-0000-000000000000', 'Stew', '🫘', '#AA99EC') ON CONFLICT DO NOTHING;
INSERT INTO categories ("id", "user_id", "name", "icon", "color") VALUES ('b5a827d9-ad0c-41ab-9df5-77546f33e02e', '87a1bd29-7953-493e-a3bf-10aafa648278', 'Snack', '🥥', '#E093B2') ON CONFLICT DO NOTHING;
INSERT INTO categories ("id", "user_id", "name", "icon", "color") VALUES ('4748167a-612f-4d1d-a29d-0a76eda8e6f4', '00000000-0000-0000-0000-000000000000', 'Soup', '🧅', '#CF91D8') ON CONFLICT DO NOTHING;
-- categories table | End















-- foods | start
INSERT INTO "foods" ("id", "user_id", "category_id", "portion_weight", "kcal_100", "protein_100", "fat_100", "carbs_100", "name", "photo") VALUES ('e86d6ca3-88ef-48c0-b0ce-775b8dceed31', '87a1bd29-7953-493e-a3bf-10aafa648278', '1c2a3617-ebc3-4368-a2bf-9b2b27ce9f5d', '507', '314', '2', '26', '18', 'aliquam quis', 'https://i.pravatar.cc/150?u=1c2a3617-ebc3-4368-a2bf-9b2b27ce9f5d');
INSERT INTO "foods" ("id", "user_id", "category_id", "portion_weight", "kcal_100", "protein_100", "fat_100", "carbs_100", "name", "photo") VALUES ('f3d3487d-837e-44c0-aa08-453bbf9ac365', '87a1bd29-7953-493e-a3bf-10aafa648278', '78b343c7-adfe-4adb-8d84-3ee63eda0c4e', '891', '486', '38', '26', '25', 'blandit', 'https://i.pravatar.cc/150?u=78b343c7-adfe-4adb-8d84-3ee63eda0c4e');
INSERT INTO "foods" ("id", "user_id", "category_id", "portion_weight", "kcal_100", "protein_100", "fat_100", "carbs_100", "name", "photo") VALUES ('4392e076-8122-4600-92b9-0490363234ef', '87a1bd29-7953-493e-a3bf-10aafa648278', 'f6a0b120-3723-4962-852b-de6cfe72b909', '936', '296', '9', '20', '20', 'erat volutpat', 'https://i.pravatar.cc/150?u=f6a0b120-3723-4962-852b-de6cfe72b909');
INSERT INTO "foods" ("id", "user_id", "category_id", "portion_weight", "kcal_100", "protein_100", "fat_100", "carbs_100", "name", "photo") VALUES ('93334254-36b0-4288-b4fd-166afe486417', '87a1bd29-7953-493e-a3bf-10aafa648278', '731c8c71-e36d-4578-8fe1-8b34beb9fa5a', '933', '377', '5', '37', '6', 'dapibus', 'https://i.pravatar.cc/150?u=731c8c71-e36d-4578-8fe1-8b34beb9fa5a');
INSERT INTO "foods" ("id", "user_id", "category_id", "portion_weight", "kcal_100", "protein_100", "fat_100", "carbs_100", "name", "photo") VALUES ('d146a8b4-2a45-4ee6-876b-4d0bafbca72c', '87a1bd29-7953-493e-a3bf-10aafa648278', '0163d53b-dd6d-421c-b35a-ab55cd30b55c', '555', '284', '19', '20', '7', 'parturient', 'https://i.pravatar.cc/150?u=0163d53b-dd6d-421c-b35a-ab55cd30b55c');
INSERT INTO "foods" ("id", "user_id", "category_id", "portion_weight", "kcal_100", "protein_100", "fat_100", "carbs_100", "name", "photo") VALUES ('3f8cdda6-699d-4353-9829-ba922c863315', '87a1bd29-7953-493e-a3bf-10aafa648278', 'c9fc5daf-7c58-450c-a2e4-e3b656c4ee5d', '415', '116', '0', '12', '2', 'curabitur convallis', 'https://i.pravatar.cc/150?u=c9fc5daf-7c58-450c-a2e4-e3b656c4ee5d');
INSERT INTO "foods" ("id", "user_id", "category_id", "portion_weight", "kcal_100", "protein_100", "fat_100", "carbs_100", "name", "photo") VALUES ('41118552-74eb-4ad7-ae44-15292a792fba', '87a1bd29-7953-493e-a3bf-10aafa648278', '1c2a3617-ebc3-4368-a2bf-9b2b27ce9f5d', '113', '303', '35', '11', '16', 'tortor', 'https://i.pravatar.cc/150?u=1c2a3617-ebc3-4368-a2bf-9b2b27ce9f5d');
INSERT INTO "foods" ("id", "user_id", "category_id", "portion_weight", "kcal_100", "protein_100", "fat_100", "carbs_100", "name", "photo") VALUES ('bd60a909-8123-46fc-8a97-20ac1c4f35a8', '87a1bd29-7953-493e-a3bf-10aafa648278', 'c2f683a1-85cb-44fb-b521-46aae7a7f7dc', '701', '379', '17', '31', '8', 'odio justo', 'https://i.pravatar.cc/150?u=c2f683a1-85cb-44fb-b521-46aae7a7f7dc');
INSERT INTO "foods" ("id", "user_id", "category_id", "portion_weight", "kcal_100", "protein_100", "fat_100", "carbs_100", "name", "photo") VALUES ('edd80fd9-3623-49e1-820b-a3191ea68272', '87a1bd29-7953-493e-a3bf-10aafa648278', 'e3adc74e-f878-4477-a777-6aa53b0a7123', '232', '236', '3', '16', '20', 'dolor', 'https://i.pravatar.cc/150?u=e3adc74e-f878-4477-a777-6aa53b0a7123');
INSERT INTO "foods" ("id", "user_id", "category_id", "portion_weight", "kcal_100", "protein_100", "fat_100", "carbs_100", "name", "photo") VALUES ('cfd4a35c-d531-4d66-aae2-d242cc0ffdc9', '87a1bd29-7953-493e-a3bf-10aafa648278', 'd1400322-a8a4-4def-b8c8-fb9c1c5bb7bf', '883', '449', '18', '29', '29', 'nulla', 'https://i.pravatar.cc/150?u=d1400322-a8a4-4def-b8c8-fb9c1c5bb7bf');
INSERT INTO "foods" ("id", "user_id", "category_id", "portion_weight", "kcal_100", "protein_100", "fat_100", "carbs_100", "name", "photo") VALUES ('54f820be-5d20-47cf-879e-d92399c97f25', '87a1bd29-7953-493e-a3bf-10aafa648278', '731c8c71-e36d-4578-8fe1-8b34beb9fa5a', '532', '398', '22', '22', '28', 'parturient', 'https://i.pravatar.cc/150?u=731c8c71-e36d-4578-8fe1-8b34beb9fa5a');
INSERT INTO "foods" ("id", "user_id", "category_id", "portion_weight", "kcal_100", "protein_100", "fat_100", "carbs_100", "name", "photo") VALUES ('fff857a1-1c7f-455e-91ea-e8eacd2c6d54', '87a1bd29-7953-493e-a3bf-10aafa648278', 'cf4fdebe-234f-40ae-ac48-ea631cde7b7c', '238', '393', '35', '13', '34', 'suscipit a', 'https://i.pravatar.cc/150?u=cf4fdebe-234f-40ae-ac48-ea631cde7b7c');
INSERT INTO "foods" ("id", "user_id", "category_id", "portion_weight", "kcal_100", "protein_100", "fat_100", "carbs_100", "name", "photo") VALUES ('aa5422cc-8e83-4949-bccc-ceb1ae8a2c31', '87a1bd29-7953-493e-a3bf-10aafa648278', '66d25983-a6ee-4b3b-9b45-679cda9a33ae', '677', '351', '31', '15', '23', 'massa id', 'https://i.pravatar.cc/150?u=66d25983-a6ee-4b3b-9b45-679cda9a33ae');
INSERT INTO "foods" ("id", "user_id", "category_id", "portion_weight", "kcal_100", "protein_100", "fat_100", "carbs_100", "name", "photo") VALUES ('252002cc-8bc2-4550-a61f-7009780caba1', '87a1bd29-7953-493e-a3bf-10aafa648278', '8452526c-9918-4e6f-8ee6-9e143beda93b', '366', '346', '39', '18', '7', 'dolor morbi', 'https://i.pravatar.cc/150?u=8452526c-9918-4e6f-8ee6-9e143beda93b');
INSERT INTO "foods" ("id", "user_id", "category_id", "portion_weight", "kcal_100", "protein_100", "fat_100", "carbs_100", "name", "photo") VALUES ('05094ef8-32cc-453e-ad98-ef05e2562480', '87a1bd29-7953-493e-a3bf-10aafa648278', 'ded62802-936f-4087-aa4c-6aced8322b73', '493', '428', '11', '32', '24', 'accumsan tellus', 'https://i.pravatar.cc/150?u=ded62802-936f-4087-aa4c-6aced8322b73');
INSERT INTO "foods" ("id", "user_id", "category_id", "portion_weight", "kcal_100", "protein_100", "fat_100", "carbs_100", "name", "photo") VALUES ('f0178180-cda3-47b0-afa2-38f883f93f61', '87a1bd29-7953-493e-a3bf-10aafa648278', '1c2a3617-ebc3-4368-a2bf-9b2b27ce9f5d', '997', '341', '39', '13', '17', 'consequat varius', 'https://i.pravatar.cc/150?u=1c2a3617-ebc3-4368-a2bf-9b2b27ce9f5d');
INSERT INTO "foods" ("id", "user_id", "category_id", "portion_weight", "kcal_100", "protein_100", "fat_100", "carbs_100", "name", "photo") VALUES ('79fca281-6b0d-45fd-8156-a7aa84ef540f', '87a1bd29-7953-493e-a3bf-10aafa648278', '4748167a-612f-4d1d-a29d-0a76eda8e6f4', '421', '409', '0', '29', '37', 'volutpat', 'https://i.pravatar.cc/150?u=4748167a-612f-4d1d-a29d-0a76eda8e6f4');
INSERT INTO "foods" ("id", "user_id", "category_id", "portion_weight", "kcal_100", "protein_100", "fat_100", "carbs_100", "name", "photo") VALUES ('16067d7e-b82f-420f-9724-7961e893333e', '87a1bd29-7953-493e-a3bf-10aafa648278', 'c9fc5daf-7c58-450c-a2e4-e3b656c4ee5d', '334', '362', '29', '22', '12', 'nulla suspendisse', 'https://i.pravatar.cc/150?u=c9fc5daf-7c58-450c-a2e4-e3b656c4ee5d');
INSERT INTO "foods" ("id", "user_id", "category_id", "portion_weight", "kcal_100", "protein_100", "fat_100", "carbs_100", "name", "photo") VALUES ('c72049e2-561a-4215-9530-0fc6d7c9c105', '87a1bd29-7953-493e-a3bf-10aafa648278', '03eee3ff-ea47-4cff-96a9-99d9da37a173', '931', '526', '21', '34', '34', 'tincidunt', 'https://i.pravatar.cc/150?u=03eee3ff-ea47-4cff-96a9-99d9da37a173');
INSERT INTO "foods" ("id", "user_id", "category_id", "portion_weight", "kcal_100", "protein_100", "fat_100", "carbs_100", "name", "photo") VALUES ('64fbec14-9408-4a35-b19e-6d9d2315dcc4', '87a1bd29-7953-493e-a3bf-10aafa648278', 'afea9d63-007b-4350-92a0-da9e725a2538', '402', '358', '37', '22', '3', 'dapibus', 'https://i.pravatar.cc/150?u=afea9d63-007b-4350-92a0-da9e725a2538');
INSERT INTO "foods" ("id", "user_id", "category_id", "portion_weight", "kcal_100", "protein_100", "fat_100", "carbs_100", "name", "photo") VALUES ('2dcad5e6-1be0-43ce-b7dd-062e72164c8c', '87a1bd29-7953-493e-a3bf-10aafa648278', 'ded62802-936f-4087-aa4c-6aced8322b73', '645', '168', '31', '4', '2', 'morbi', 'https://i.pravatar.cc/150?u=ded62802-936f-4087-aa4c-6aced8322b73');
INSERT INTO "foods" ("id", "user_id", "category_id", "portion_weight", "kcal_100", "protein_100", "fat_100", "carbs_100", "name", "photo") VALUES ('555a3c0c-0481-4722-870d-4e08503c8938', '87a1bd29-7953-493e-a3bf-10aafa648278', 'afea9d63-007b-4350-92a0-da9e725a2538', '867', '352', '26', '24', '8', 'ultrices', 'https://i.pravatar.cc/150?u=afea9d63-007b-4350-92a0-da9e725a2538');
INSERT INTO "foods" ("id", "user_id", "category_id", "portion_weight", "kcal_100", "protein_100", "fat_100", "carbs_100", "name", "photo") VALUES ('bf493ad1-4aeb-4e6e-bd71-3d6629700b8a', '87a1bd29-7953-493e-a3bf-10aafa648278', 'f6a0b120-3723-4962-852b-de6cfe72b909', '714', '434', '38', '14', '39', 'lorem', 'https://i.pravatar.cc/150?u=f6a0b120-3723-4962-852b-de6cfe72b909');
INSERT INTO "foods" ("id", "user_id", "category_id", "portion_weight", "kcal_100", "protein_100", "fat_100", "carbs_100", "name", "photo") VALUES ('6f686a95-e7de-43d6-bfe9-9b0185ba6bc6', '87a1bd29-7953-493e-a3bf-10aafa648278', 'ded62802-936f-4087-aa4c-6aced8322b73', '231', '168', '33', '0', '9', 'purus', 'https://i.pravatar.cc/150?u=ded62802-936f-4087-aa4c-6aced8322b73');
INSERT INTO "foods" ("id", "user_id", "category_id", "portion_weight", "kcal_100", "protein_100", "fat_100", "carbs_100", "name", "photo") VALUES ('6e17be5d-ec74-4abf-8969-74751c8e8edc', '87a1bd29-7953-493e-a3bf-10aafa648278', 'a8e33c44-6dcc-4c55-99f7-e753e6a3e875', '872', '206', '10', '14', '10', 'integer', 'https://i.pravatar.cc/150?u=a8e33c44-6dcc-4c55-99f7-e753e6a3e875');
INSERT INTO "foods" ("id", "user_id", "category_id", "portion_weight", "kcal_100", "protein_100", "fat_100", "carbs_100", "name", "photo") VALUES ('52dd3627-64d7-4b9c-aa6f-4084c4e152b5', '87a1bd29-7953-493e-a3bf-10aafa648278', 'afea9d63-007b-4350-92a0-da9e725a2538', '146', '456', '10', '32', '32', 'mauris vulputate', 'https://i.pravatar.cc/150?u=afea9d63-007b-4350-92a0-da9e725a2538');
INSERT INTO "foods" ("id", "user_id", "category_id", "portion_weight", "kcal_100", "protein_100", "fat_100", "carbs_100", "name", "photo") VALUES ('2ab46321-ad80-4176-8822-8602e71f633e', '87a1bd29-7953-493e-a3bf-10aafa648278', 'f8a78cac-358f-4dbc-9fc9-1c0372a83e36', '256', '227', '28', '11', '4', 'pretium', 'https://i.pravatar.cc/150?u=f8a78cac-358f-4dbc-9fc9-1c0372a83e36');
INSERT INTO "foods" ("id", "user_id", "category_id", "portion_weight", "kcal_100", "protein_100", "fat_100", "carbs_100", "name", "photo") VALUES ('90e9449b-b704-4eba-b5c9-7e8f8d47849b', '87a1bd29-7953-493e-a3bf-10aafa648278', '508c1fac-2d63-4750-a1f9-01605316f969', '125', '130', '26', '2', '2', 'non mi', 'https://i.pravatar.cc/150?u=508c1fac-2d63-4750-a1f9-01605316f969');
INSERT INTO "foods" ("id", "user_id", "category_id", "portion_weight", "kcal_100", "protein_100", "fat_100", "carbs_100", "name", "photo") VALUES ('c1e6fc8e-4f49-4166-ae1c-c7939dc99122', '87a1bd29-7953-493e-a3bf-10aafa648278', 'a8e33c44-6dcc-4c55-99f7-e753e6a3e875', '933', '343', '39', '7', '31', 'curae', 'https://i.pravatar.cc/150?u=a8e33c44-6dcc-4c55-99f7-e753e6a3e875');
INSERT INTO "foods" ("id", "user_id", "category_id", "portion_weight", "kcal_100", "protein_100", "fat_100", "carbs_100", "name", "photo") VALUES ('f1574a58-82a2-42ee-9e5a-16058245f3bc', '87a1bd29-7953-493e-a3bf-10aafa648278', 'ded62802-936f-4087-aa4c-6aced8322b73', '199', '470', '35', '22', '33', 'rutrum rutrum', 'https://i.pravatar.cc/150?u=ded62802-936f-4087-aa4c-6aced8322b73');
INSERT INTO "foods" ("id", "user_id", "category_id", "portion_weight", "kcal_100", "protein_100", "fat_100", "carbs_100", "name", "photo") VALUES ('52b368d7-6882-4986-93d4-cacb829a6226', '87a1bd29-7953-493e-a3bf-10aafa648278', 'b5a827d9-ad0c-41ab-9df5-77546f33e02e', '560', '429', '37', '29', '5', 'pellentesque ultrices', 'https://i.pravatar.cc/150?u=b5a827d9-ad0c-41ab-9df5-77546f33e02e');
INSERT INTO "foods" ("id", "user_id", "category_id", "portion_weight", "kcal_100", "protein_100", "fat_100", "carbs_100", "name", "photo") VALUES ('d2cc0c43-7a1c-4823-8f8e-facfb8c00232', '87a1bd29-7953-493e-a3bf-10aafa648278', '66d25983-a6ee-4b3b-9b45-679cda9a33ae', '148', '240', '16', '8', '26', 'in felis', 'https://i.pravatar.cc/150?u=66d25983-a6ee-4b3b-9b45-679cda9a33ae');
INSERT INTO "foods" ("id", "user_id", "category_id", "portion_weight", "kcal_100", "protein_100", "fat_100", "carbs_100", "name", "photo") VALUES ('d9edba12-0f94-48eb-bc79-7e4f8bbf0d83', '87a1bd29-7953-493e-a3bf-10aafa648278', '66d25983-a6ee-4b3b-9b45-679cda9a33ae', '721', '251', '13', '7', '34', 'pharetra', 'https://i.pravatar.cc/150?u=66d25983-a6ee-4b3b-9b45-679cda9a33ae');
INSERT INTO "foods" ("id", "user_id", "category_id", "portion_weight", "kcal_100", "protein_100", "fat_100", "carbs_100", "name", "photo") VALUES ('a126470e-f9db-4a0b-a23c-64bb6e1f590b', '87a1bd29-7953-493e-a3bf-10aafa648278', '78b343c7-adfe-4adb-8d84-3ee63eda0c4e', '860', '452', '17', '36', '15', 'massa id', 'https://i.pravatar.cc/150?u=78b343c7-adfe-4adb-8d84-3ee63eda0c4e');
INSERT INTO "foods" ("id", "user_id", "category_id", "portion_weight", "kcal_100", "protein_100", "fat_100", "carbs_100", "name", "photo") VALUES ('26ea3496-6b5f-48b9-91b6-894553046b8f', '87a1bd29-7953-493e-a3bf-10aafa648278', '66d25983-a6ee-4b3b-9b45-679cda9a33ae', '725', '495', '16', '31', '38', 'libero', 'https://i.pravatar.cc/150?u=66d25983-a6ee-4b3b-9b45-679cda9a33ae');
INSERT INTO "foods" ("id", "user_id", "category_id", "portion_weight", "kcal_100", "protein_100", "fat_100", "carbs_100", "name", "photo") VALUES ('7585bbb7-bf5b-4875-817a-87153c9d9a9a', '87a1bd29-7953-493e-a3bf-10aafa648278', '508c1fac-2d63-4750-a1f9-01605316f969', '113', '533', '18', '37', '32', 'arcu adipiscing', 'https://i.pravatar.cc/150?u=508c1fac-2d63-4750-a1f9-01605316f969');
INSERT INTO "foods" ("id", "user_id", "category_id", "portion_weight", "kcal_100", "protein_100", "fat_100", "carbs_100", "name", "photo") VALUES ('52e3c127-b661-4d66-8003-ba38ec43655c', '87a1bd29-7953-493e-a3bf-10aafa648278', '03eee3ff-ea47-4cff-96a9-99d9da37a173', '251', '263', '21', '19', '2', 'purus eu', 'https://i.pravatar.cc/150?u=03eee3ff-ea47-4cff-96a9-99d9da37a173');
INSERT INTO "foods" ("id", "user_id", "category_id", "portion_weight", "kcal_100", "protein_100", "fat_100", "carbs_100", "name", "photo") VALUES ('7872da1c-cc11-45a3-95b1-c7bacec372c0', '87a1bd29-7953-493e-a3bf-10aafa648278', '731c8c71-e36d-4578-8fe1-8b34beb9fa5a', '824', '303', '13', '23', '11', 'in', 'https://i.pravatar.cc/150?u=731c8c71-e36d-4578-8fe1-8b34beb9fa5a');
INSERT INTO "foods" ("id", "user_id", "category_id", "portion_weight", "kcal_100", "protein_100", "fat_100", "carbs_100", "name", "photo") VALUES ('6250d472-9449-40f4-87fa-efc9eeb3753d', '87a1bd29-7953-493e-a3bf-10aafa648278', '508c1fac-2d63-4750-a1f9-01605316f969', '418', '360', '21', '16', '33', 'suspendisse accumsan', 'https://i.pravatar.cc/150?u=508c1fac-2d63-4750-a1f9-01605316f969');
INSERT INTO "foods" ("id", "user_id", "category_id", "portion_weight", "kcal_100", "protein_100", "fat_100", "carbs_100", "name", "photo") VALUES ('c57f2edf-96bd-48f9-85fe-445daa767fe6', '87a1bd29-7953-493e-a3bf-10aafa648278', '590fd250-ddee-4859-9e09-7e88be6459d2', '954', '498', '39', '38', '0', 'morbi non', 'https://i.pravatar.cc/150?u=590fd250-ddee-4859-9e09-7e88be6459d2');
INSERT INTO "foods" ("id", "user_id", "category_id", "portion_weight", "kcal_100", "protein_100", "fat_100", "carbs_100", "name", "photo") VALUES ('a418e56f-cffc-4f29-a2c5-4a114e021631', '87a1bd29-7953-493e-a3bf-10aafa648278', 'c2f683a1-85cb-44fb-b521-46aae7a7f7dc', '263', '343', '29', '19', '14', 'nam', 'https://i.pravatar.cc/150?u=c2f683a1-85cb-44fb-b521-46aae7a7f7dc');
INSERT INTO "foods" ("id", "user_id", "category_id", "portion_weight", "kcal_100", "protein_100", "fat_100", "carbs_100", "name", "photo") VALUES ('cc2ef285-e3a0-4e1b-8cfb-b01ef6d8be51', '87a1bd29-7953-493e-a3bf-10aafa648278', '590fd250-ddee-4859-9e09-7e88be6459d2', '478', '404', '8', '36', '12', 'turpis', 'https://i.pravatar.cc/150?u=590fd250-ddee-4859-9e09-7e88be6459d2');
INSERT INTO "foods" ("id", "user_id", "category_id", "portion_weight", "kcal_100", "protein_100", "fat_100", "carbs_100", "name", "photo") VALUES ('937a4523-195b-440e-b37e-a5e751f31f40', '87a1bd29-7953-493e-a3bf-10aafa648278', 'c1c3b0aa-d823-4845-a15d-b4c4e2360003', '376', '153', '21', '5', '6', 'massa id', 'https://i.pravatar.cc/150?u=c1c3b0aa-d823-4845-a15d-b4c4e2360003');
INSERT INTO "foods" ("id", "user_id", "category_id", "portion_weight", "kcal_100", "protein_100", "fat_100", "carbs_100", "name", "photo") VALUES ('c8763187-b280-474d-bc6a-368ccc48295f', '87a1bd29-7953-493e-a3bf-10aafa648278', 'afea9d63-007b-4350-92a0-da9e725a2538', '220', '304', '39', '12', '10', 'enim', 'https://i.pravatar.cc/150?u=afea9d63-007b-4350-92a0-da9e725a2538');
INSERT INTO "foods" ("id", "user_id", "category_id", "portion_weight", "kcal_100", "protein_100", "fat_100", "carbs_100", "name", "photo") VALUES ('ccaa372a-082c-44a8-84fb-b80b4bf468ea', '87a1bd29-7953-493e-a3bf-10aafa648278', 'c1c3b0aa-d823-4845-a15d-b4c4e2360003', '439', '266', '7', '26', '1', 'viverra', 'https://i.pravatar.cc/150?u=c1c3b0aa-d823-4845-a15d-b4c4e2360003');
INSERT INTO "foods" ("id", "user_id", "category_id", "portion_weight", "kcal_100", "protein_100", "fat_100", "carbs_100", "name", "photo") VALUES ('beca2fa2-706d-4ae6-883e-cf1852d8784a', '87a1bd29-7953-493e-a3bf-10aafa648278', 'afea9d63-007b-4350-92a0-da9e725a2538', '487', '287', '33', '3', '32', 'erat curabitur', 'https://i.pravatar.cc/150?u=afea9d63-007b-4350-92a0-da9e725a2538');
INSERT INTO "foods" ("id", "user_id", "category_id", "portion_weight", "kcal_100", "protein_100", "fat_100", "carbs_100", "name", "photo") VALUES ('430acaa9-09f3-4b91-ab48-08a0bcce4f38', '87a1bd29-7953-493e-a3bf-10aafa648278', 'c1c3b0aa-d823-4845-a15d-b4c4e2360003', '961', '301', '38', '9', '17', 'leo', 'https://i.pravatar.cc/150?u=c1c3b0aa-d823-4845-a15d-b4c4e2360003');
INSERT INTO "foods" ("id", "user_id", "category_id", "portion_weight", "kcal_100", "protein_100", "fat_100", "carbs_100", "name", "photo") VALUES ('d88b8654-1e52-4fe9-b70b-cb9a78491da4', '87a1bd29-7953-493e-a3bf-10aafa648278', 'b3e17021-0c77-44f3-9d57-4b7f6b711b2e', '186', '244', '31', '8', '12', 'eu magna', 'https://i.pravatar.cc/150?u=b3e17021-0c77-44f3-9d57-4b7f6b711b2e');
INSERT INTO "foods" ("id", "user_id", "category_id", "portion_weight", "kcal_100", "protein_100", "fat_100", "carbs_100", "name", "photo") VALUES ('17aaff7a-c271-4ee4-8dea-639af3043701', '87a1bd29-7953-493e-a3bf-10aafa648278', '8452526c-9918-4e6f-8ee6-9e143beda93b', '181', '229', '4', '21', '6', 'in', 'https://i.pravatar.cc/150?u=8452526c-9918-4e6f-8ee6-9e143beda93b');
INSERT INTO "foods" ("id", "user_id", "category_id", "portion_weight", "kcal_100", "protein_100", "fat_100", "carbs_100", "name", "photo") VALUES ('5e07712a-c092-4238-9391-8accbe8c1008', '87a1bd29-7953-493e-a3bf-10aafa648278', 'ded62802-936f-4087-aa4c-6aced8322b73', '708', '133', '11', '9', '2', 'id', 'https://i.pravatar.cc/150?u=ded62802-936f-4087-aa4c-6aced8322b73');
INSERT INTO "foods" ("id", "user_id", "category_id", "portion_weight", "kcal_100", "protein_100", "fat_100", "carbs_100", "name", "photo") VALUES ('8085dd82-78d7-4b10-b344-c391e17dfec6', '87a1bd29-7953-493e-a3bf-10aafa648278', 'e3adc74e-f878-4477-a777-6aa53b0a7123', '608', '186', '14', '10', '10', 'interdum', 'https://i.pravatar.cc/150?u=e3adc74e-f878-4477-a777-6aa53b0a7123');
INSERT INTO "foods" ("id", "user_id", "category_id", "portion_weight", "kcal_100", "protein_100", "fat_100", "carbs_100", "name", "photo") VALUES ('244a9a29-6f9b-4505-a47e-b9f03bbfe2f3', '87a1bd29-7953-493e-a3bf-10aafa648278', '1c2a3617-ebc3-4368-a2bf-9b2b27ce9f5d', '386', '347', '34', '19', '10', 'nulla', 'https://i.pravatar.cc/150?u=1c2a3617-ebc3-4368-a2bf-9b2b27ce9f5d');
INSERT INTO "foods" ("id", "user_id", "category_id", "portion_weight", "kcal_100", "protein_100", "fat_100", "carbs_100", "name", "photo") VALUES ('e35dcdbc-38a9-4aa5-b833-fc5f208aae2f', '87a1bd29-7953-493e-a3bf-10aafa648278', 'c1c3b0aa-d823-4845-a15d-b4c4e2360003', '813', '553', '36', '37', '19', 'posuere metus', 'https://i.pravatar.cc/150?u=c1c3b0aa-d823-4845-a15d-b4c4e2360003');
INSERT INTO "foods" ("id", "user_id", "category_id", "portion_weight", "kcal_100", "protein_100", "fat_100", "carbs_100", "name", "photo") VALUES ('de76375c-56f3-44f3-96eb-bd5a3073f747', '87a1bd29-7953-493e-a3bf-10aafa648278', 'd1400322-a8a4-4def-b8c8-fb9c1c5bb7bf', '571', '325', '7', '33', '0', 'iaculis justo', 'https://i.pravatar.cc/150?u=d1400322-a8a4-4def-b8c8-fb9c1c5bb7bf');
INSERT INTO "foods" ("id", "user_id", "category_id", "portion_weight", "kcal_100", "protein_100", "fat_100", "carbs_100", "name", "photo") VALUES ('11ef283f-9325-4c5f-9c88-9c6544af36b0', '87a1bd29-7953-493e-a3bf-10aafa648278', 'c2f683a1-85cb-44fb-b521-46aae7a7f7dc', '641', '472', '37', '36', '0', 'condimentum curabitur', 'https://i.pravatar.cc/150?u=c2f683a1-85cb-44fb-b521-46aae7a7f7dc');
INSERT INTO "foods" ("id", "user_id", "category_id", "portion_weight", "kcal_100", "protein_100", "fat_100", "carbs_100", "name", "photo") VALUES ('f0d310cc-83c9-44f8-9f35-86eae0dabdf2', '87a1bd29-7953-493e-a3bf-10aafa648278', 'ded62802-936f-4087-aa4c-6aced8322b73', '765', '505', '33', '25', '37', 'lectus suspendisse', 'https://i.pravatar.cc/150?u=ded62802-936f-4087-aa4c-6aced8322b73');
INSERT INTO "foods" ("id", "user_id", "category_id", "portion_weight", "kcal_100", "protein_100", "fat_100", "carbs_100", "name", "photo") VALUES ('ab33f141-999e-4dc2-a7df-e133323c0791', '87a1bd29-7953-493e-a3bf-10aafa648278', 'c1c3b0aa-d823-4845-a15d-b4c4e2360003', '304', '234', '26', '6', '19', 'consequat varius', 'https://i.pravatar.cc/150?u=c1c3b0aa-d823-4845-a15d-b4c4e2360003');
INSERT INTO "foods" ("id", "user_id", "category_id", "portion_weight", "kcal_100", "protein_100", "fat_100", "carbs_100", "name", "photo") VALUES ('98d5e2f0-80fd-4a9e-b3c4-6c671f09b0eb', '87a1bd29-7953-493e-a3bf-10aafa648278', '78b343c7-adfe-4adb-8d84-3ee63eda0c4e', '77', '418', '34', '14', '39', 'id massa', 'https://i.pravatar.cc/150?u=78b343c7-adfe-4adb-8d84-3ee63eda0c4e');
INSERT INTO "foods" ("id", "user_id", "category_id", "portion_weight", "kcal_100", "protein_100", "fat_100", "carbs_100", "name", "photo") VALUES ('3859f1f4-a311-479f-be57-d0b85f9fa877', '87a1bd29-7953-493e-a3bf-10aafa648278', 'e3adc74e-f878-4477-a777-6aa53b0a7123', '248', '186', '31', '6', '2', 'nunc', 'https://i.pravatar.cc/150?u=e3adc74e-f878-4477-a777-6aa53b0a7123');
INSERT INTO "foods" ("id", "user_id", "category_id", "portion_weight", "kcal_100", "protein_100", "fat_100", "carbs_100", "name", "photo") VALUES ('308f1579-0b69-488f-9c65-caaf3db261ca', '87a1bd29-7953-493e-a3bf-10aafa648278', 'f6a0b120-3723-4962-852b-de6cfe72b909', '104', '418', '37', '22', '18', 'erat curabitur', 'https://i.pravatar.cc/150?u=f6a0b120-3723-4962-852b-de6cfe72b909');
INSERT INTO "foods" ("id", "user_id", "category_id", "portion_weight", "kcal_100", "protein_100", "fat_100", "carbs_100", "name", "photo") VALUES ('91589f38-3dc7-45e0-aa06-cc4661ab281c', '87a1bd29-7953-493e-a3bf-10aafa648278', '456303ee-3fc0-411c-9aea-75ca440832cf', '863', '50', '5', '2', '3', 'dolor', 'https://i.pravatar.cc/150?u=456303ee-3fc0-411c-9aea-75ca440832cf');
INSERT INTO "foods" ("id", "user_id", "category_id", "portion_weight", "kcal_100", "protein_100", "fat_100", "carbs_100", "name", "photo") VALUES ('29786efc-526c-4da6-a3eb-dcd261d6ef78', '87a1bd29-7953-493e-a3bf-10aafa648278', '0163d53b-dd6d-421c-b35a-ab55cd30b55c', '516', '445', '12', '33', '25', 'dictumst', 'https://i.pravatar.cc/150?u=0163d53b-dd6d-421c-b35a-ab55cd30b55c');
INSERT INTO "foods" ("id", "user_id", "category_id", "portion_weight", "kcal_100", "protein_100", "fat_100", "carbs_100", "name", "photo") VALUES ('6df60ea4-109a-4a8b-b667-a73afa3832d1', '87a1bd29-7953-493e-a3bf-10aafa648278', 'e3adc74e-f878-4477-a777-6aa53b0a7123', '53', '461', '15', '37', '17', 'augue', 'https://i.pravatar.cc/150?u=e3adc74e-f878-4477-a777-6aa53b0a7123');
INSERT INTO "foods" ("id", "user_id", "category_id", "portion_weight", "kcal_100", "protein_100", "fat_100", "carbs_100", "name", "photo") VALUES ('de0a9bee-1bc8-46c0-aff1-2f09b834900b', '87a1bd29-7953-493e-a3bf-10aafa648278', 'a8e33c44-6dcc-4c55-99f7-e753e6a3e875', '660', '413', '28', '17', '37', 'congue risus', 'https://i.pravatar.cc/150?u=a8e33c44-6dcc-4c55-99f7-e753e6a3e875');
INSERT INTO "foods" ("id", "user_id", "category_id", "portion_weight", "kcal_100", "protein_100", "fat_100", "carbs_100", "name", "photo") VALUES ('405b209d-ca79-46cd-b06f-2a71b626b26c', '87a1bd29-7953-493e-a3bf-10aafa648278', 'c9fc5daf-7c58-450c-a2e4-e3b656c4ee5d', '644', '428', '21', '28', '23', 'odio justo', 'https://i.pravatar.cc/150?u=c9fc5daf-7c58-450c-a2e4-e3b656c4ee5d');
INSERT INTO "foods" ("id", "user_id", "category_id", "portion_weight", "kcal_100", "protein_100", "fat_100", "carbs_100", "name", "photo") VALUES ('534c0a28-3d5f-4945-a59d-f666bedb4c0f', '87a1bd29-7953-493e-a3bf-10aafa648278', 'a8e33c44-6dcc-4c55-99f7-e753e6a3e875', '182', '184', '15', '4', '22', 'bibendum', 'https://i.pravatar.cc/150?u=a8e33c44-6dcc-4c55-99f7-e753e6a3e875');
INSERT INTO "foods" ("id", "user_id", "category_id", "portion_weight", "kcal_100", "protein_100", "fat_100", "carbs_100", "name", "photo") VALUES ('5722413c-4043-443d-a201-5b2f800b2168', '87a1bd29-7953-493e-a3bf-10aafa648278', 'cf4fdebe-234f-40ae-ac48-ea631cde7b7c', '916', '146', '10', '6', '13', 'nulla', 'https://i.pravatar.cc/150?u=cf4fdebe-234f-40ae-ac48-ea631cde7b7c');
INSERT INTO "foods" ("id", "user_id", "category_id", "portion_weight", "kcal_100", "protein_100", "fat_100", "carbs_100", "name", "photo") VALUES ('f0f3488c-4ac4-4b01-8851-e85c2e9545e0', '87a1bd29-7953-493e-a3bf-10aafa648278', 'c1c3b0aa-d823-4845-a15d-b4c4e2360003', '298', '440', '6', '32', '32', 'vestibulum', 'https://i.pravatar.cc/150?u=c1c3b0aa-d823-4845-a15d-b4c4e2360003');
INSERT INTO "foods" ("id", "user_id", "category_id", "portion_weight", "kcal_100", "protein_100", "fat_100", "carbs_100", "name", "photo") VALUES ('21ec48ed-aaba-45fe-b5d1-2a446a950abc', '87a1bd29-7953-493e-a3bf-10aafa648278', 'baffc64d-a01c-471f-8149-6e21653c286b', '740', '219', '10', '19', '2', 'et', 'https://i.pravatar.cc/150?u=baffc64d-a01c-471f-8149-6e21653c286b');
INSERT INTO "foods" ("id", "user_id", "category_id", "portion_weight", "kcal_100", "protein_100", "fat_100", "carbs_100", "name", "photo") VALUES ('4f68bf7a-e70f-4555-bcb0-243b1d5411bd', '87a1bd29-7953-493e-a3bf-10aafa648278', '508c1fac-2d63-4750-a1f9-01605316f969', '452', '166', '4', '14', '6', 'condimentum curabitur', 'https://i.pravatar.cc/150?u=508c1fac-2d63-4750-a1f9-01605316f969');
INSERT INTO "foods" ("id", "user_id", "category_id", "portion_weight", "kcal_100", "protein_100", "fat_100", "carbs_100", "name", "photo") VALUES ('7dbb2e7d-2e00-4d91-8b98-17c9d6f8626a', '87a1bd29-7953-493e-a3bf-10aafa648278', 'c1c3b0aa-d823-4845-a15d-b4c4e2360003', '92', '255', '31', '7', '17', 'bibendum', 'https://i.pravatar.cc/150?u=c1c3b0aa-d823-4845-a15d-b4c4e2360003');
INSERT INTO "foods" ("id", "user_id", "category_id", "portion_weight", "kcal_100", "protein_100", "fat_100", "carbs_100", "name", "photo") VALUES ('c6575fed-223e-462d-84f9-3d77b816f2d4', '87a1bd29-7953-493e-a3bf-10aafa648278', '1b9948f7-099b-428c-ba5c-885a2c1375c5', '20', '74', '3', '2', '11', 'id', 'https://i.pravatar.cc/150?u=1b9948f7-099b-428c-ba5c-885a2c1375c5');
INSERT INTO "foods" ("id", "user_id", "category_id", "portion_weight", "kcal_100", "protein_100", "fat_100", "carbs_100", "name", "photo") VALUES ('f1f76880-b2e6-4d65-ba28-f6dc0c9e29db', '87a1bd29-7953-493e-a3bf-10aafa648278', '66d25983-a6ee-4b3b-9b45-679cda9a33ae', '450', '150', '27', '2', '6', 'cubilia', 'https://i.pravatar.cc/150?u=66d25983-a6ee-4b3b-9b45-679cda9a33ae');
INSERT INTO "foods" ("id", "user_id", "category_id", "portion_weight", "kcal_100", "protein_100", "fat_100", "carbs_100", "name", "photo") VALUES ('ca766498-9d68-4891-835d-18e2a9b48492', '87a1bd29-7953-493e-a3bf-10aafa648278', 'f6a0b120-3723-4962-852b-de6cfe72b909', '712', '126', '27', '2', '0', 'enim blandit', 'https://i.pravatar.cc/150?u=f6a0b120-3723-4962-852b-de6cfe72b909');
INSERT INTO "foods" ("id", "user_id", "category_id", "portion_weight", "kcal_100", "protein_100", "fat_100", "carbs_100", "name", "photo") VALUES ('fca0f4c3-0c46-4c7b-94a3-e23bb166266d', '87a1bd29-7953-493e-a3bf-10aafa648278', '731c8c71-e36d-4578-8fe1-8b34beb9fa5a', '746', '462', '21', '34', '18', 'in', 'https://i.pravatar.cc/150?u=731c8c71-e36d-4578-8fe1-8b34beb9fa5a');
INSERT INTO "foods" ("id", "user_id", "category_id", "portion_weight", "kcal_100", "protein_100", "fat_100", "carbs_100", "name", "photo") VALUES ('9e8aa16f-4c21-418c-8911-d2e94663a0fa', '87a1bd29-7953-493e-a3bf-10aafa648278', 'c1c3b0aa-d823-4845-a15d-b4c4e2360003', '766', '271', '32', '7', '20', 'vulputate ut', 'https://i.pravatar.cc/150?u=c1c3b0aa-d823-4845-a15d-b4c4e2360003');
INSERT INTO "foods" ("id", "user_id", "category_id", "portion_weight", "kcal_100", "protein_100", "fat_100", "carbs_100", "name", "photo") VALUES ('d2a28022-bcf9-41bf-bd27-946882636270', '87a1bd29-7953-493e-a3bf-10aafa648278', '731c8c71-e36d-4578-8fe1-8b34beb9fa5a', '604', '222', '20', '6', '22', 'viverra', 'https://i.pravatar.cc/150?u=731c8c71-e36d-4578-8fe1-8b34beb9fa5a');
INSERT INTO "foods" ("id", "user_id", "category_id", "portion_weight", "kcal_100", "protein_100", "fat_100", "carbs_100", "name", "photo") VALUES ('4c7353dc-9063-43a3-8c83-52cc58cacd9d', '87a1bd29-7953-493e-a3bf-10aafa648278', '8452526c-9918-4e6f-8ee6-9e143beda93b', '24', '87', '1', '3', '14', 'erat volutpat', 'https://i.pravatar.cc/150?u=8452526c-9918-4e6f-8ee6-9e143beda93b');
INSERT INTO "foods" ("id", "user_id", "category_id", "portion_weight", "kcal_100", "protein_100", "fat_100", "carbs_100", "name", "photo") VALUES ('033c995e-0e12-4e4d-9965-74238d033fd4', '87a1bd29-7953-493e-a3bf-10aafa648278', 'e3adc74e-f878-4477-a777-6aa53b0a7123', '17', '254', '16', '10', '25', 'posuere', 'https://i.pravatar.cc/150?u=e3adc74e-f878-4477-a777-6aa53b0a7123');
INSERT INTO "foods" ("id", "user_id", "category_id", "portion_weight", "kcal_100", "protein_100", "fat_100", "carbs_100", "name", "photo") VALUES ('571641b4-5ca7-4006-9147-1244d71b3109', '87a1bd29-7953-493e-a3bf-10aafa648278', '731c8c71-e36d-4578-8fe1-8b34beb9fa5a', '282', '292', '2', '16', '35', 'mauris vulputate', 'https://i.pravatar.cc/150?u=731c8c71-e36d-4578-8fe1-8b34beb9fa5a');
INSERT INTO "foods" ("id", "user_id", "category_id", "portion_weight", "kcal_100", "protein_100", "fat_100", "carbs_100", "name", "photo") VALUES ('89283b17-58d5-4ce4-800c-bad0a5f61ec9', '87a1bd29-7953-493e-a3bf-10aafa648278', '8452526c-9918-4e6f-8ee6-9e143beda93b', '401', '501', '6', '37', '36', 'curabitur convallis', 'https://i.pravatar.cc/150?u=8452526c-9918-4e6f-8ee6-9e143beda93b');
INSERT INTO "foods" ("id", "user_id", "category_id", "portion_weight", "kcal_100", "protein_100", "fat_100", "carbs_100", "name", "photo") VALUES ('bac5b4fe-e95f-4fbf-8a39-24728149d7ea', '87a1bd29-7953-493e-a3bf-10aafa648278', 'b5a827d9-ad0c-41ab-9df5-77546f33e02e', '652', '298', '20', '14', '23', 'pellentesque volutpat', 'https://i.pravatar.cc/150?u=b5a827d9-ad0c-41ab-9df5-77546f33e02e');
INSERT INTO "foods" ("id", "user_id", "category_id", "portion_weight", "kcal_100", "protein_100", "fat_100", "carbs_100", "name", "photo") VALUES ('10bc4e9c-a133-4067-9b90-e601b941dda2', '87a1bd29-7953-493e-a3bf-10aafa648278', 'b3e17021-0c77-44f3-9d57-4b7f6b711b2e', '963', '427', '32', '31', '5', 'nonummy maecenas', 'https://i.pravatar.cc/150?u=b3e17021-0c77-44f3-9d57-4b7f6b711b2e');
INSERT INTO "foods" ("id", "user_id", "category_id", "portion_weight", "kcal_100", "protein_100", "fat_100", "carbs_100", "name", "photo") VALUES ('38753da2-2afe-417e-b415-85733558eb63', '87a1bd29-7953-493e-a3bf-10aafa648278', 'ded62802-936f-4087-aa4c-6aced8322b73', '187', '435', '35', '19', '31', 'sed vestibulum', 'https://i.pravatar.cc/150?u=ded62802-936f-4087-aa4c-6aced8322b73');
INSERT INTO "foods" ("id", "user_id", "category_id", "portion_weight", "kcal_100", "protein_100", "fat_100", "carbs_100", "name", "photo") VALUES ('3af0b464-348f-4f37-8c11-517f70de5646', '87a1bd29-7953-493e-a3bf-10aafa648278', '7e14e867-9a7a-44ae-a3b1-2a39057308fa', '689', '475', '19', '31', '30', 'mauris', 'https://i.pravatar.cc/150?u=7e14e867-9a7a-44ae-a3b1-2a39057308fa');
INSERT INTO "foods" ("id", "user_id", "category_id", "portion_weight", "kcal_100", "protein_100", "fat_100", "carbs_100", "name", "photo") VALUES ('7438e4ba-d550-4805-891a-70eed1d853a2', '87a1bd29-7953-493e-a3bf-10aafa648278', 'd1400322-a8a4-4def-b8c8-fb9c1c5bb7bf', '713', '446', '26', '22', '36', 'dapibus', 'https://i.pravatar.cc/150?u=d1400322-a8a4-4def-b8c8-fb9c1c5bb7bf');
INSERT INTO "foods" ("id", "user_id", "category_id", "portion_weight", "kcal_100", "protein_100", "fat_100", "carbs_100", "name", "photo") VALUES ('5d35acfb-6e4c-4c6d-8f3b-0425209f1b6e', '87a1bd29-7953-493e-a3bf-10aafa648278', '0163d53b-dd6d-421c-b35a-ab55cd30b55c', '553', '185', '22', '1', '22', 'rhoncus', 'https://i.pravatar.cc/150?u=0163d53b-dd6d-421c-b35a-ab55cd30b55c');
INSERT INTO "foods" ("id", "user_id", "category_id", "portion_weight", "kcal_100", "protein_100", "fat_100", "carbs_100", "name", "photo") VALUES ('92c08898-37bc-4589-819c-55b4ba3e4310', '87a1bd29-7953-493e-a3bf-10aafa648278', '456303ee-3fc0-411c-9aea-75ca440832cf', '821', '334', '24', '14', '28', 'dolor morbi', 'https://i.pravatar.cc/150?u=456303ee-3fc0-411c-9aea-75ca440832cf');
INSERT INTO "foods" ("id", "user_id", "category_id", "portion_weight", "kcal_100", "protein_100", "fat_100", "carbs_100", "name", "photo") VALUES ('854a670c-5792-4d49-a346-43b86693e2f5', '87a1bd29-7953-493e-a3bf-10aafa648278', 'f8a78cac-358f-4dbc-9fc9-1c0372a83e36', '775', '130', '4', '10', '6', 'est', 'https://i.pravatar.cc/150?u=f8a78cac-358f-4dbc-9fc9-1c0372a83e36');
INSERT INTO "foods" ("id", "user_id", "category_id", "portion_weight", "kcal_100", "protein_100", "fat_100", "carbs_100", "name", "photo") VALUES ('633c6bcb-cff8-449b-83a4-d782a072bc42', '87a1bd29-7953-493e-a3bf-10aafa648278', 'c2f683a1-85cb-44fb-b521-46aae7a7f7dc', '497', '378', '22', '18', '32', 'curabitur convallis', 'https://i.pravatar.cc/150?u=c2f683a1-85cb-44fb-b521-46aae7a7f7dc');
INSERT INTO "foods" ("id", "user_id", "category_id", "portion_weight", "kcal_100", "protein_100", "fat_100", "carbs_100", "name", "photo") VALUES ('386b3231-f66e-4803-9c08-7be0bece0cff', '87a1bd29-7953-493e-a3bf-10aafa648278', 'baffc64d-a01c-471f-8149-6e21653c286b', '995', '257', '19', '17', '7', 'pede morbi', 'https://i.pravatar.cc/150?u=baffc64d-a01c-471f-8149-6e21653c286b');
INSERT INTO "foods" ("id", "user_id", "category_id", "portion_weight", "kcal_100", "protein_100", "fat_100", "carbs_100", "name", "photo") VALUES ('74e8afae-8188-407b-8ccb-2886434414e9', '87a1bd29-7953-493e-a3bf-10aafa648278', '8452526c-9918-4e6f-8ee6-9e143beda93b', '880', '267', '21', '3', '39', 'arcu adipiscing', 'https://i.pravatar.cc/150?u=8452526c-9918-4e6f-8ee6-9e143beda93b');
INSERT INTO "foods" ("id", "user_id", "category_id", "portion_weight", "kcal_100", "protein_100", "fat_100", "carbs_100", "name", "photo") VALUES ('91824a17-0f69-4621-a4f8-06149502490e', '87a1bd29-7953-493e-a3bf-10aafa648278', '66d25983-a6ee-4b3b-9b45-679cda9a33ae', '793', '449', '21', '33', '17', 'vel', 'https://i.pravatar.cc/150?u=66d25983-a6ee-4b3b-9b45-679cda9a33ae');
INSERT INTO "foods" ("id", "user_id", "category_id", "portion_weight", "kcal_100", "protein_100", "fat_100", "carbs_100", "name", "photo") VALUES ('cd87dd1f-baf1-4f4c-b913-0fc73b3d0145', '87a1bd29-7953-493e-a3bf-10aafa648278', '1b9948f7-099b-428c-ba5c-885a2c1375c5', '643', '365', '33', '9', '38', 'consequat', 'https://i.pravatar.cc/150?u=1b9948f7-099b-428c-ba5c-885a2c1375c5');
INSERT INTO "foods" ("id", "user_id", "category_id", "portion_weight", "kcal_100", "protein_100", "fat_100", "carbs_100", "name", "photo") VALUES ('29d51cd2-06b7-4602-a2e1-174d77d238a5', '87a1bd29-7953-493e-a3bf-10aafa648278', 'c1c3b0aa-d823-4845-a15d-b4c4e2360003', '768', '215', '14', '15', '6', 'enim blandit', 'https://i.pravatar.cc/150?u=c1c3b0aa-d823-4845-a15d-b4c4e2360003');
INSERT INTO "foods" ("id", "user_id", "category_id", "portion_weight", "kcal_100", "protein_100", "fat_100", "carbs_100", "name", "photo") VALUES ('177468cf-9124-4466-86ff-eb84228c1bd8', '87a1bd29-7953-493e-a3bf-10aafa648278', 'baffc64d-a01c-471f-8149-6e21653c286b', '990', '202', '34', '6', '3', 'dolor morbi', 'https://i.pravatar.cc/150?u=baffc64d-a01c-471f-8149-6e21653c286b');
INSERT INTO "foods" ("id", "user_id", "category_id", "portion_weight", "kcal_100", "protein_100", "fat_100", "carbs_100", "name", "photo") VALUES ('fea41f99-db57-4edf-9c7a-582f11bf1ff3', '87a1bd29-7953-493e-a3bf-10aafa648278', '590fd250-ddee-4859-9e09-7e88be6459d2', '602', '258', '35', '2', '25', 'donec vitae', 'https://i.pravatar.cc/150?u=590fd250-ddee-4859-9e09-7e88be6459d2');
INSERT INTO "foods" ("id", "user_id", "category_id", "portion_weight", "kcal_100", "protein_100", "fat_100", "carbs_100", "name", "photo") VALUES ('82409a62-ad1e-4fb5-98f3-55355a9609ec', '87a1bd29-7953-493e-a3bf-10aafa648278', 'c1c3b0aa-d823-4845-a15d-b4c4e2360003', '338', '476', '27', '28', '29', 'sed vestibulum', 'https://i.pravatar.cc/150?u=c1c3b0aa-d823-4845-a15d-b4c4e2360003');
INSERT INTO "foods" ("id", "user_id", "category_id", "portion_weight", "kcal_100", "protein_100", "fat_100", "carbs_100", "name", "photo") VALUES ('9f1e679f-0ebd-4a43-b919-02635406f780', '87a1bd29-7953-493e-a3bf-10aafa648278', 'afea9d63-007b-4350-92a0-da9e725a2538', '745', '275', '16', '7', '37', 'ultrices phasellus', 'https://i.pravatar.cc/150?u=afea9d63-007b-4350-92a0-da9e725a2538');
INSERT INTO "foods" ("id", "user_id", "category_id", "portion_weight", "kcal_100", "protein_100", "fat_100", "carbs_100", "name", "photo") VALUES ('ce66765b-71a2-4272-9041-43b55cfae36e', '87a1bd29-7953-493e-a3bf-10aafa648278', 'c2f683a1-85cb-44fb-b521-46aae7a7f7dc', '471', '289', '23', '9', '29', 'pede', 'https://i.pravatar.cc/150?u=c2f683a1-85cb-44fb-b521-46aae7a7f7dc');
-- foods | end













-- history_entries | Start
INSERT INTO "history_entries" ("id", "day", "user_id", "weight") VALUES ('27d654d2-420b-4d51-8c5b-9bfed01b8dd2', '2024-03-15', '87a1bd29-7953-493e-a3bf-10aafa648278', '99.92');
INSERT INTO "history_entries" ("id", "day", "user_id", "weight") VALUES ('27a654d2-420b-4d51-8c5b-2bfed01b8dd3', '2024-03-14', '87a1bd29-7953-493e-a3bf-10aafa648278', '99.92');
INSERT INTO "history_entries" ("id", "day", "user_id", "weight") VALUES ('27365ad2-420b-4d51-8c5b-1bfed01b8dd5', '2024-03-13', '87a1bd29-7953-493e-a3bf-10aafa648278', '99.92');
INSERT INTO "history_entries" ("id", "day", "user_id", "weight") VALUES ('70c3d621-ae54-432d-aec2-f0cd647701bc', '2024-03-12', '87a1bd29-7953-493e-a3bf-10aafa648278', '99.84');
INSERT INTO "history_entries" ("id", "day", "user_id", "weight") VALUES ('237e93ff-63d9-40af-ac26-014d380fab98', '2024-03-11', '87a1bd29-7953-493e-a3bf-10aafa648278', '99.77');
INSERT INTO "history_entries" ("id", "day", "user_id", "weight") VALUES ('58faed5c-98a4-40a0-9a7d-8061fdeb7c8f', '2024-03-10', '87a1bd29-7953-493e-a3bf-10aafa648278', '99.84');
INSERT INTO "history_entries" ("id", "day", "user_id", "weight") VALUES ('26bf489f-83e7-450d-b82f-b80ebdb77e0e', '2024-03-09', '87a1bd29-7953-493e-a3bf-10aafa648278', '99.92');
INSERT INTO "history_entries" ("id", "day", "user_id", "weight") VALUES ('53b2723c-91ef-4913-b2c8-fc010131ed3b', '2024-03-08', '87a1bd29-7953-493e-a3bf-10aafa648278', '99.84');
INSERT INTO "history_entries" ("id", "day", "user_id", "weight") VALUES ('2200c8f2-d6fc-44b6-bda7-e4d13e79e593', '2024-03-07', '87a1bd29-7953-493e-a3bf-10aafa648278', '99.92');
INSERT INTO "history_entries" ("id", "day", "user_id", "weight") VALUES ('809bcdcb-df65-4a94-9b16-020a11cce492', '2024-03-06', '87a1bd29-7953-493e-a3bf-10aafa648278', '99.84');
INSERT INTO "history_entries" ("id", "day", "user_id", "weight") VALUES ('4075e408-1e58-46d6-8c52-2f1f1f599bb3', '2024-03-05', '87a1bd29-7953-493e-a3bf-10aafa648278', '99.92');
INSERT INTO "history_entries" ("id", "day", "user_id", "weight") VALUES ('cbeb3bcf-2d1c-4a00-9e61-12b6153a8b03', '2024-03-04', '87a1bd29-7953-493e-a3bf-10aafa648278', '99.84');
INSERT INTO "history_entries" ("id", "day", "user_id", "weight") VALUES ('a7e94f04-f97e-4c9b-a3ee-384bb1bf2aa4', '2024-03-03', '87a1bd29-7953-493e-a3bf-10aafa648278', '99.77');
INSERT INTO "history_entries" ("id", "day", "user_id", "weight") VALUES ('e09bb5b0-85c9-4475-870c-cad56afb0042', '2024-03-02', '87a1bd29-7953-493e-a3bf-10aafa648278', '99.69');
INSERT INTO "history_entries" ("id", "day", "user_id", "weight") VALUES ('2857f96e-58cc-4972-9bb3-c765b921a0b8', '2024-03-01', '87a1bd29-7953-493e-a3bf-10aafa648278', '99.61');
INSERT INTO "history_entries" ("id", "day", "user_id", "weight") VALUES ('b9ef6082-e77b-47d4-a0b4-cff113d7b600', '2024-02-29', '87a1bd29-7953-493e-a3bf-10aafa648278', '99.53');
INSERT INTO "history_entries" ("id", "day", "user_id", "weight") VALUES ('2e84ce8c-1b19-4d57-ab13-0f41a8749f5f', '2024-02-28', '87a1bd29-7953-493e-a3bf-10aafa648278', '99.45');
INSERT INTO "history_entries" ("id", "day", "user_id", "weight") VALUES ('44c94fac-a118-428a-acba-a6cb97135975', '2024-02-27', '87a1bd29-7953-493e-a3bf-10aafa648278', '99.38');
INSERT INTO "history_entries" ("id", "day", "user_id", "weight") VALUES ('311e5749-9232-4b34-8b8a-f3e027eeebb7', '2024-02-26', '87a1bd29-7953-493e-a3bf-10aafa648278', '99.3');
INSERT INTO "history_entries" ("id", "day", "user_id", "weight") VALUES ('43329e25-86ed-4980-a14b-4afe5c32b58c', '2024-02-25', '87a1bd29-7953-493e-a3bf-10aafa648278', '99.22');
INSERT INTO "history_entries" ("id", "day", "user_id", "weight") VALUES ('8e58e8d9-d713-4f7e-8e40-1004f3557f19', '2024-02-24', '87a1bd29-7953-493e-a3bf-10aafa648278', '99.14');
INSERT INTO "history_entries" ("id", "day", "user_id", "weight") VALUES ('4804ec60-d3c9-45b7-bc18-00708892cde9', '2024-02-23', '87a1bd29-7953-493e-a3bf-10aafa648278', '99.06');
INSERT INTO "history_entries" ("id", "day", "user_id", "weight") VALUES ('4e38476a-cbe9-4b10-a99f-fb4c67dcd5c4', '2024-02-22', '87a1bd29-7953-493e-a3bf-10aafa648278', '98.98');
INSERT INTO "history_entries" ("id", "day", "user_id", "weight") VALUES ('260d009a-b92c-448a-a07b-9395262da6e4', '2024-02-21', '87a1bd29-7953-493e-a3bf-10aafa648278', '98.91');
INSERT INTO "history_entries" ("id", "day", "user_id", "weight") VALUES ('c9b838af-721f-4ab8-8ead-b5b97cef561b', '2024-02-20', '87a1bd29-7953-493e-a3bf-10aafa648278', '98.83');
INSERT INTO "history_entries" ("id", "day", "user_id", "weight") VALUES ('df41b01a-b00e-41c6-ab8d-fd3327d912aa', '2024-02-19', '87a1bd29-7953-493e-a3bf-10aafa648278', '98.75');
INSERT INTO "history_entries" ("id", "day", "user_id", "weight") VALUES ('95d6600b-28bd-4875-a41d-914dea1fb804', '2024-02-18', '87a1bd29-7953-493e-a3bf-10aafa648278', '98.67');
INSERT INTO "history_entries" ("id", "day", "user_id", "weight") VALUES ('afacc997-8444-46f6-9021-90f5da22dff9', '2024-02-17', '87a1bd29-7953-493e-a3bf-10aafa648278', '98.59');
INSERT INTO "history_entries" ("id", "day", "user_id", "weight") VALUES ('5a975bac-e6b7-4773-9100-b020a7cac2e5', '2024-02-16', '87a1bd29-7953-493e-a3bf-10aafa648278', '98.52');
INSERT INTO "history_entries" ("id", "day", "user_id", "weight") VALUES ('022e40a9-c427-4a3d-b926-21198f54568b', '2024-02-15', '87a1bd29-7953-493e-a3bf-10aafa648278', '98.44');
INSERT INTO "history_entries" ("id", "day", "user_id", "weight") VALUES ('aac5fcd0-b56c-4439-bddd-3d331418cd3a', '2024-02-14', '87a1bd29-7953-493e-a3bf-10aafa648278', '98.36');
INSERT INTO "history_entries" ("id", "day", "user_id", "weight") VALUES ('aeb65eec-b055-48e2-97d6-6b8f93a63a00', '2024-02-13', '87a1bd29-7953-493e-a3bf-10aafa648278', '98.44');
INSERT INTO "history_entries" ("id", "day", "user_id", "weight") VALUES ('cedbaaa2-ecbd-4dd3-98ce-ff586667ba85', '2024-02-12', '87a1bd29-7953-493e-a3bf-10aafa648278', '98.36');
INSERT INTO "history_entries" ("id", "day", "user_id", "weight") VALUES ('63034941-24a2-43b8-a803-3e41da86ee30', '2024-02-11', '87a1bd29-7953-493e-a3bf-10aafa648278', '98.44');
INSERT INTO "history_entries" ("id", "day", "user_id", "weight") VALUES ('961794a8-f22d-4fb9-8432-e6f835209a87', '2024-02-10', '87a1bd29-7953-493e-a3bf-10aafa648278', '98.36');
INSERT INTO "history_entries" ("id", "day", "user_id", "weight") VALUES ('80954d6e-07b8-4c20-bf46-481e0749e71d', '2024-02-09', '87a1bd29-7953-493e-a3bf-10aafa648278', '98.28');
INSERT INTO "history_entries" ("id", "day", "user_id", "weight") VALUES ('fad20619-177d-479d-bdb0-9d72d3f885e7', '2024-02-08', '87a1bd29-7953-493e-a3bf-10aafa648278', '98.36');
INSERT INTO "history_entries" ("id", "day", "user_id", "weight") VALUES ('a70cdea7-c3d7-4533-96d1-e57a4c906535', '2024-02-07', '87a1bd29-7953-493e-a3bf-10aafa648278', '98.28');
INSERT INTO "history_entries" ("id", "day", "user_id", "weight") VALUES ('e3724615-e937-4905-bea5-e81e7afbbca2', '2024-02-06', '87a1bd29-7953-493e-a3bf-10aafa648278', '98.36');
INSERT INTO "history_entries" ("id", "day", "user_id", "weight") VALUES ('b2a07045-738b-4563-a607-418f97f303af', '2024-02-05', '87a1bd29-7953-493e-a3bf-10aafa648278', '98.44');
INSERT INTO "history_entries" ("id", "day", "user_id", "weight") VALUES ('149b14f7-c917-44bf-8ac2-6ec51cecc653', '2024-02-04', '87a1bd29-7953-493e-a3bf-10aafa648278', '98.52');
INSERT INTO "history_entries" ("id", "day", "user_id", "weight") VALUES ('15c865db-f461-457b-a20d-cc987efabe0e', '2024-02-03', '87a1bd29-7953-493e-a3bf-10aafa648278', '98.44');
INSERT INTO "history_entries" ("id", "day", "user_id", "weight") VALUES ('aed829e2-2c02-4474-9164-8efdc1265466', '2024-02-02', '87a1bd29-7953-493e-a3bf-10aafa648278', '98.36');
INSERT INTO "history_entries" ("id", "day", "user_id", "weight") VALUES ('bbb6bb5e-0227-41f7-9cf1-7d1a9c53cbcb', '2024-02-01', '87a1bd29-7953-493e-a3bf-10aafa648278', '98.28');
INSERT INTO "history_entries" ("id", "day", "user_id", "weight") VALUES ('6a03597e-ec8a-432e-aa1e-4c8a99fee53d', '2024-01-31', '87a1bd29-7953-493e-a3bf-10aafa648278', '98.2');
INSERT INTO "history_entries" ("id", "day", "user_id", "weight") VALUES ('cfcbc62f-c2fb-49c8-a927-f0c1429a7b9e', '2024-01-30', '87a1bd29-7953-493e-a3bf-10aafa648278', '98.28');
INSERT INTO "history_entries" ("id", "day", "user_id", "weight") VALUES ('cc196194-06cc-4433-930f-b1d55371a2d2', '2024-01-29', '87a1bd29-7953-493e-a3bf-10aafa648278', '98.2');
INSERT INTO "history_entries" ("id", "day", "user_id", "weight") VALUES ('0035a92a-59c5-452c-89c3-5488d5e28b5f', '2024-01-28', '87a1bd29-7953-493e-a3bf-10aafa648278', '98.13');
INSERT INTO "history_entries" ("id", "day", "user_id", "weight") VALUES ('acea91af-37b2-43ae-800c-a8178aecd6fa', '2024-01-27', '87a1bd29-7953-493e-a3bf-10aafa648278', '98.05');
INSERT INTO "history_entries" ("id", "day", "user_id", "weight") VALUES ('c70b759e-1e4f-4bf2-a9ab-c29ed914ad1b', '2024-01-26', '87a1bd29-7953-493e-a3bf-10aafa648278', '97.97');
INSERT INTO "history_entries" ("id", "day", "user_id", "weight") VALUES ('5d446886-459e-494f-8ec2-4fe586363478', '2024-01-25', '87a1bd29-7953-493e-a3bf-10aafa648278', '98.05');
INSERT INTO "history_entries" ("id", "day", "user_id", "weight") VALUES ('2b44596f-07e3-4ab1-bba4-57c84282eee6', '2024-01-24', '87a1bd29-7953-493e-a3bf-10aafa648278', '98.13');
INSERT INTO "history_entries" ("id", "day", "user_id", "weight") VALUES ('0b69d3cb-1e8e-44a5-a00e-9e2c7b4bd893', '2024-01-23', '87a1bd29-7953-493e-a3bf-10aafa648278', '98.05');
INSERT INTO "history_entries" ("id", "day", "user_id", "weight") VALUES ('5843d95d-3275-4c60-9602-30df7d432b51', '2024-01-22', '87a1bd29-7953-493e-a3bf-10aafa648278', '98.13');
INSERT INTO "history_entries" ("id", "day", "user_id", "weight") VALUES ('16266cbb-52a4-4c93-a389-6feb6c168e95', '2024-01-21', '87a1bd29-7953-493e-a3bf-10aafa648278', '98.05');
INSERT INTO "history_entries" ("id", "day", "user_id", "weight") VALUES ('97c776f3-8ec4-406d-bb60-65865a1190a3', '2024-01-20', '87a1bd29-7953-493e-a3bf-10aafa648278', '97.97');
INSERT INTO "history_entries" ("id", "day", "user_id", "weight") VALUES ('bf81e100-5bfe-4e13-a4bf-d7a032b22f34', '2024-01-19', '87a1bd29-7953-493e-a3bf-10aafa648278', '97.89');
INSERT INTO "history_entries" ("id", "day", "user_id", "weight") VALUES ('9d454482-ab59-4b24-84b6-d4f3b65c1e12', '2024-01-18', '87a1bd29-7953-493e-a3bf-10aafa648278', '97.81');
INSERT INTO "history_entries" ("id", "day", "user_id", "weight") VALUES ('a32c0e42-4f37-4611-99ba-251031afa3cd', '2024-01-17', '87a1bd29-7953-493e-a3bf-10aafa648278', '97.73');
INSERT INTO "history_entries" ("id", "day", "user_id", "weight") VALUES ('2d4a0f55-3d23-44f1-96f2-43e3f9d62aed', '2024-01-16', '87a1bd29-7953-493e-a3bf-10aafa648278', '97.66');
INSERT INTO "history_entries" ("id", "day", "user_id", "weight") VALUES ('23cbfa6c-79ae-403b-9f40-522512fed99e', '2024-01-15', '87a1bd29-7953-493e-a3bf-10aafa648278', '97.58');
INSERT INTO "history_entries" ("id", "day", "user_id", "weight") VALUES ('f4838eb1-3679-46b6-b0c0-fff57d8e087d', '2024-01-14', '87a1bd29-7953-493e-a3bf-10aafa648278', '97.66');
INSERT INTO "history_entries" ("id", "day", "user_id", "weight") VALUES ('be09bdad-7bfb-4064-abff-fa1785f4dc30', '2024-01-13', '87a1bd29-7953-493e-a3bf-10aafa648278', '97.58');
INSERT INTO "history_entries" ("id", "day", "user_id", "weight") VALUES ('43ddca9d-4231-4609-8216-bbd9ba17490b', '2024-01-12', '87a1bd29-7953-493e-a3bf-10aafa648278', '97.5');
INSERT INTO "history_entries" ("id", "day", "user_id", "weight") VALUES ('8d63ab38-d242-4f83-a434-8466203d0a79', '2024-01-11', '87a1bd29-7953-493e-a3bf-10aafa648278', '97.42');
INSERT INTO "history_entries" ("id", "day", "user_id", "weight") VALUES ('96d08ea1-0f81-498f-a691-2025113ba236', '2024-01-10', '87a1bd29-7953-493e-a3bf-10aafa648278', '97.34');
INSERT INTO "history_entries" ("id", "day", "user_id", "weight") VALUES ('3d7bba5e-8721-4716-a027-d71206ef34e7', '2024-01-09', '87a1bd29-7953-493e-a3bf-10aafa648278', '97.27');
INSERT INTO "history_entries" ("id", "day", "user_id", "weight") VALUES ('ed9e3c0c-279a-4570-8170-a4bf1b8ffe4c', '2024-01-08', '87a1bd29-7953-493e-a3bf-10aafa648278', '97.34');
INSERT INTO "history_entries" ("id", "day", "user_id", "weight") VALUES ('8d2918a9-9185-4091-ae59-5e034e129766', '2024-01-07', '87a1bd29-7953-493e-a3bf-10aafa648278', '97.27');
INSERT INTO "history_entries" ("id", "day", "user_id", "weight") VALUES ('a3c05a6d-d8b4-4c68-96e9-02e7ada71491', '2024-01-06', '87a1bd29-7953-493e-a3bf-10aafa648278', '97.19');
INSERT INTO "history_entries" ("id", "day", "user_id", "weight") VALUES ('9499d407-e887-4ec8-b224-bc59cb239303', '2024-01-05', '87a1bd29-7953-493e-a3bf-10aafa648278', '97.11');
INSERT INTO "history_entries" ("id", "day", "user_id", "weight") VALUES ('b896d45c-99ec-45ea-a322-3d6a5d871fd2', '2024-01-04', '87a1bd29-7953-493e-a3bf-10aafa648278', '97.03');
INSERT INTO "history_entries" ("id", "day", "user_id", "weight") VALUES ('d97057bf-afc1-4154-9c62-63cb06369aae', '2024-01-03', '87a1bd29-7953-493e-a3bf-10aafa648278', '97.11');
INSERT INTO "history_entries" ("id", "day", "user_id", "weight") VALUES ('e4aa60f6-b33f-415d-92ee-e59da80b5b91', '2024-01-02', '87a1bd29-7953-493e-a3bf-10aafa648278', '97.03');
INSERT INTO "history_entries" ("id", "day", "user_id", "weight") VALUES ('ae5e3b2b-5c4c-4873-80ba-ed2d657c7266', '2024-01-01', '87a1bd29-7953-493e-a3bf-10aafa648278', '96.95');
INSERT INTO "history_entries" ("id", "day", "user_id", "weight") VALUES ('ff394d78-1cbb-4531-883f-58fe4e86ad38', '2023-12-31', '87a1bd29-7953-493e-a3bf-10aafa648278', '96.88');
INSERT INTO "history_entries" ("id", "day", "user_id", "weight") VALUES ('884c9a26-50bb-437e-83a3-df97fad97d2d', '2023-12-30', '87a1bd29-7953-493e-a3bf-10aafa648278', '96.8');
INSERT INTO "history_entries" ("id", "day", "user_id", "weight") VALUES ('dc627407-8cd0-422d-863f-4b0a57dbaa51', '2023-12-29', '87a1bd29-7953-493e-a3bf-10aafa648278', '96.72');
INSERT INTO "history_entries" ("id", "day", "user_id", "weight") VALUES ('d124c82b-68ac-4343-b975-658ecb632491', '2023-12-28', '87a1bd29-7953-493e-a3bf-10aafa648278', '96.64');
INSERT INTO "history_entries" ("id", "day", "user_id", "weight") VALUES ('7a76cae3-a09a-43b4-bba2-07d8f0497cd9', '2023-12-27', '87a1bd29-7953-493e-a3bf-10aafa648278', '96.56');
INSERT INTO "history_entries" ("id", "day", "user_id", "weight") VALUES ('d6599358-1dc8-4f23-a9f8-8676c1f1b621', '2023-12-26', '87a1bd29-7953-493e-a3bf-10aafa648278', '96.48');
INSERT INTO "history_entries" ("id", "day", "user_id", "weight") VALUES ('244c4c87-5b15-4e25-8a1c-ea5007071bb8', '2023-12-25', '87a1bd29-7953-493e-a3bf-10aafa648278', '96.41');
INSERT INTO "history_entries" ("id", "day", "user_id", "weight") VALUES ('73f8aa38-c489-4520-94a0-71d0dd8108c1', '2023-12-24', '87a1bd29-7953-493e-a3bf-10aafa648278', '96.48');
INSERT INTO "history_entries" ("id", "day", "user_id", "weight") VALUES ('ca767c54-1674-4f92-aac5-b1108410940d', '2023-12-23', '87a1bd29-7953-493e-a3bf-10aafa648278', '96.41');
INSERT INTO "history_entries" ("id", "day", "user_id", "weight") VALUES ('b58e4082-7b58-43a2-ba6c-daa94694a3fe', '2023-12-22', '87a1bd29-7953-493e-a3bf-10aafa648278', '96.33');
INSERT INTO "history_entries" ("id", "day", "user_id", "weight") VALUES ('7ddd89c9-6035-4366-9ab3-0dbbd8d57910', '2023-12-21', '87a1bd29-7953-493e-a3bf-10aafa648278', '96.41');
INSERT INTO "history_entries" ("id", "day", "user_id", "weight") VALUES ('55cc5944-6c75-4278-b25e-dd75ab68f7b9', '2023-12-20', '87a1bd29-7953-493e-a3bf-10aafa648278', '96.48');
INSERT INTO "history_entries" ("id", "day", "user_id", "weight") VALUES ('d663a4fa-9ef1-4584-a8ff-fa14ff4f0fb0', '2023-12-19', '87a1bd29-7953-493e-a3bf-10aafa648278', '96.56');
INSERT INTO "history_entries" ("id", "day", "user_id", "weight") VALUES ('3cf9aedc-acb2-4b9c-be90-9eb5fad2e7b6', '2023-12-18', '87a1bd29-7953-493e-a3bf-10aafa648278', '96.48');
INSERT INTO "history_entries" ("id", "day", "user_id", "weight") VALUES ('4f08f8ef-bb4c-438a-b54c-7f06c7664820', '2023-12-17', '87a1bd29-7953-493e-a3bf-10aafa648278', '96.41');
INSERT INTO "history_entries" ("id", "day", "user_id", "weight") VALUES ('565b9532-b8f5-427f-a762-2ea9ca4758ee', '2023-12-16', '87a1bd29-7953-493e-a3bf-10aafa648278', '96.33');
INSERT INTO "history_entries" ("id", "day", "user_id", "weight") VALUES ('7f86c0a8-90bd-4159-9575-192ac381dad1', '2023-12-15', '87a1bd29-7953-493e-a3bf-10aafa648278', '96.25');
INSERT INTO "history_entries" ("id", "day", "user_id", "weight") VALUES ('b0eb52ba-5282-4d16-af12-39c5899b950c', '2023-12-14', '87a1bd29-7953-493e-a3bf-10aafa648278', '96.17');
INSERT INTO "history_entries" ("id", "day", "user_id", "weight") VALUES ('7180e628-e15f-462b-b394-e52186fa317b', '2023-12-13', '87a1bd29-7953-493e-a3bf-10aafa648278', '96.09');
INSERT INTO "history_entries" ("id", "day", "user_id", "weight") VALUES ('cc5adc1a-cbd2-4d60-b86c-d8e3ba34a013', '2023-12-12', '87a1bd29-7953-493e-a3bf-10aafa648278', '96.02');
INSERT INTO "history_entries" ("id", "day", "user_id", "weight") VALUES ('ebfd9fe7-38b9-435e-a704-b3b820c61b59', '2023-12-11', '87a1bd29-7953-493e-a3bf-10aafa648278', '95.94');
INSERT INTO "history_entries" ("id", "day", "user_id", "weight") VALUES ('b32781bf-ecc7-464b-96c0-aed87e8eee3c', '2023-12-10', '87a1bd29-7953-493e-a3bf-10aafa648278', '95.86');
INSERT INTO "history_entries" ("id", "day", "user_id", "weight") VALUES ('fe1d660d-8374-4d93-b866-49454f83e95a', '2023-12-09', '87a1bd29-7953-493e-a3bf-10aafa648278', '95.78');
INSERT INTO "history_entries" ("id", "day", "user_id", "weight") VALUES ('718854aa-9e8d-46e0-b105-c39838679a9b', '2023-12-08', '87a1bd29-7953-493e-a3bf-10aafa648278', '95.86');
INSERT INTO "history_entries" ("id", "day", "user_id", "weight") VALUES ('682c4f30-8754-4228-b4d6-05e902d7c013', '2023-12-07', '87a1bd29-7953-493e-a3bf-10aafa648278', '95.78');
INSERT INTO "history_entries" ("id", "day", "user_id", "weight") VALUES ('9872482b-ff67-4a9d-8c88-e6c4f9b3446d', '2023-12-06', '87a1bd29-7953-493e-a3bf-10aafa648278', '95.86');
INSERT INTO "history_entries" ("id", "day", "user_id", "weight") VALUES ('492abca9-0fa1-46b9-8627-064cda0d9856', '2023-12-05', '87a1bd29-7953-493e-a3bf-10aafa648278', '95.78');
INSERT INTO "history_entries" ("id", "day", "user_id", "weight") VALUES ('06834c36-5358-4f49-a9f9-4e6338581144', '2023-12-04', '87a1bd29-7953-493e-a3bf-10aafa648278', '95.7');
INSERT INTO "history_entries" ("id", "day", "user_id", "weight") VALUES ('2347cf38-f1a6-4ea7-875e-07b26e35055e', '2023-12-03', '87a1bd29-7953-493e-a3bf-10aafa648278', '95.63');
INSERT INTO "history_entries" ("id", "day", "user_id", "weight") VALUES ('fe9899ed-f1e4-41ec-a21d-c9c50e5b2d11', '2023-12-02', '87a1bd29-7953-493e-a3bf-10aafa648278', '95.55');
INSERT INTO "history_entries" ("id", "day", "user_id", "weight") VALUES ('93bf8785-ea37-4143-9f47-ccbc70fc16a8', '2023-12-01', '87a1bd29-7953-493e-a3bf-10aafa648278', '95.63');
INSERT INTO "history_entries" ("id", "day", "user_id", "weight") VALUES ('fd5ac315-840c-4bd8-aa9a-a3da9897502c', '2023-11-30', '87a1bd29-7953-493e-a3bf-10aafa648278', '95.7');
INSERT INTO "history_entries" ("id", "day", "user_id", "weight") VALUES ('3b2750c7-ef59-40c2-9366-858883996a9b', '2023-11-29', '87a1bd29-7953-493e-a3bf-10aafa648278', '95.63');
INSERT INTO "history_entries" ("id", "day", "user_id", "weight") VALUES ('931ec06c-1128-4179-9cf3-2fceb6bbe22d', '2023-11-28', '87a1bd29-7953-493e-a3bf-10aafa648278', '95.55');
INSERT INTO "history_entries" ("id", "day", "user_id", "weight") VALUES ('ba39bf20-93b5-4f5c-a665-a509a2fab5e3', '2023-11-27', '87a1bd29-7953-493e-a3bf-10aafa648278', '95.47');
INSERT INTO "history_entries" ("id", "day", "user_id", "weight") VALUES ('a354f674-db84-4a8a-a806-7771ab5fdf45', '2023-11-26', '87a1bd29-7953-493e-a3bf-10aafa648278', '95.39');
INSERT INTO "history_entries" ("id", "day", "user_id", "weight") VALUES ('e5965d97-5af1-4779-8c63-d5bdca352261', '2023-11-25', '87a1bd29-7953-493e-a3bf-10aafa648278', '95.31');
INSERT INTO "history_entries" ("id", "day", "user_id", "weight") VALUES ('73257d6f-33e0-4b95-9c90-5af7f24f5a6b', '2023-11-24', '87a1bd29-7953-493e-a3bf-10aafa648278', '95.39');
INSERT INTO "history_entries" ("id", "day", "user_id", "weight") VALUES ('6684aceb-7f21-4319-8ffd-430fe9b83c56', '2023-11-23', '87a1bd29-7953-493e-a3bf-10aafa648278', '95.31');
INSERT INTO "history_entries" ("id", "day", "user_id", "weight") VALUES ('abaec6a3-255e-4c23-99a3-bbe867c682c9', '2023-11-22', '87a1bd29-7953-493e-a3bf-10aafa648278', '95.23');
INSERT INTO "history_entries" ("id", "day", "user_id", "weight") VALUES ('dd8c22d9-9050-4746-bec3-852ed6a85776', '2023-11-21', '87a1bd29-7953-493e-a3bf-10aafa648278', '95.16');
INSERT INTO "history_entries" ("id", "day", "user_id", "weight") VALUES ('a3b6b374-c22c-419f-8150-2d4c74c45231', '2023-11-20', '87a1bd29-7953-493e-a3bf-10aafa648278', '95.23');
INSERT INTO "history_entries" ("id", "day", "user_id", "weight") VALUES ('e5f76535-bdec-449e-8ae2-d40b7804b393', '2023-11-19', '87a1bd29-7953-493e-a3bf-10aafa648278', '95.16');
INSERT INTO "history_entries" ("id", "day", "user_id", "weight") VALUES ('8e001e9a-d32d-47c4-8927-027c980494d1', '2023-11-18', '87a1bd29-7953-493e-a3bf-10aafa648278', '95.23');
INSERT INTO "history_entries" ("id", "day", "user_id", "weight") VALUES ('4396e826-817e-4484-9def-309d4bafc67a', '2023-11-17', '87a1bd29-7953-493e-a3bf-10aafa648278', '95.16');
INSERT INTO "history_entries" ("id", "day", "user_id", "weight") VALUES ('a515eb4a-9d5a-4989-ad4e-00811ef0fe55', '2023-11-16', '87a1bd29-7953-493e-a3bf-10aafa648278', '95.08');
INSERT INTO "history_entries" ("id", "day", "user_id", "weight") VALUES ('17880fb3-3f08-4319-951a-329d7f606804', '2023-11-15', '87a1bd29-7953-493e-a3bf-10aafa648278', '95');
INSERT INTO "history_entries" ("id", "day", "user_id", "weight") VALUES ('b84f9e1a-8b26-4760-ad46-1b01ce7a9af4', '2023-11-14', '87a1bd29-7953-493e-a3bf-10aafa648278', '94.92');
INSERT INTO "history_entries" ("id", "day", "user_id", "weight") VALUES ('66751130-ee4b-4636-a573-1ae849320abd', '2023-11-13', '87a1bd29-7953-493e-a3bf-10aafa648278', '94.84');
INSERT INTO "history_entries" ("id", "day", "user_id", "weight") VALUES ('50cb31c2-fea9-4e72-b429-4f887aefdbcf', '2023-11-12', '87a1bd29-7953-493e-a3bf-10aafa648278', '94.77');
INSERT INTO "history_entries" ("id", "day", "user_id", "weight") VALUES ('a5ec5aa2-274b-4c59-81e9-5fe15b01ba04', '2023-11-11', '87a1bd29-7953-493e-a3bf-10aafa648278', '94.69');
INSERT INTO "history_entries" ("id", "day", "user_id", "weight") VALUES ('5d59670e-5a40-43f7-a301-9690de719945', '2023-11-10', '87a1bd29-7953-493e-a3bf-10aafa648278', '94.77');
INSERT INTO "history_entries" ("id", "day", "user_id", "weight") VALUES ('e2632f0a-24ef-401c-ae09-9fc9e31f5966', '2023-11-09', '87a1bd29-7953-493e-a3bf-10aafa648278', '94.69');
INSERT INTO "history_entries" ("id", "day", "user_id", "weight") VALUES ('c37112f2-1471-4f06-9d78-ffa0541a6f3e', '2023-11-08', '87a1bd29-7953-493e-a3bf-10aafa648278', '94.77');
INSERT INTO "history_entries" ("id", "day", "user_id", "weight") VALUES ('4e00c227-7fc5-4f94-a2ed-302b6a1c1124', '2023-11-07', '87a1bd29-7953-493e-a3bf-10aafa648278', '94.69');
INSERT INTO "history_entries" ("id", "day", "user_id", "weight") VALUES ('745b9d55-a4f8-499e-99c5-cd026b3cad14', '2023-11-06', '87a1bd29-7953-493e-a3bf-10aafa648278', '94.61');
INSERT INTO "history_entries" ("id", "day", "user_id", "weight") VALUES ('f7d98902-1711-451e-88de-f1f71e30eeac', '2023-11-05', '87a1bd29-7953-493e-a3bf-10aafa648278', '94.69');
INSERT INTO "history_entries" ("id", "day", "user_id", "weight") VALUES ('c858f8e2-16ca-41a1-a771-20380bb28cca', '2023-11-04', '87a1bd29-7953-493e-a3bf-10aafa648278', '94.61');
INSERT INTO "history_entries" ("id", "day", "user_id", "weight") VALUES ('aa3d7f63-8576-40bb-a06f-1a22f58475ec', '2023-11-03', '87a1bd29-7953-493e-a3bf-10aafa648278', '94.69');
INSERT INTO "history_entries" ("id", "day", "user_id", "weight") VALUES ('5a290886-a11f-4d7a-adc2-1b3b996d6db4', '2023-11-02', '87a1bd29-7953-493e-a3bf-10aafa648278', '94.61');
INSERT INTO "history_entries" ("id", "day", "user_id", "weight") VALUES ('76f8fb9a-0940-4385-99b7-f37c32415418', '2023-11-01', '87a1bd29-7953-493e-a3bf-10aafa648278', '94.53');
INSERT INTO "history_entries" ("id", "day", "user_id", "weight") VALUES ('53371383-abed-41d1-9c19-815f7030d899', '2023-10-31', '87a1bd29-7953-493e-a3bf-10aafa648278', '94.61');
INSERT INTO "history_entries" ("id", "day", "user_id", "weight") VALUES ('6e715c3a-3e57-4bef-9a24-b4097375f0f1', '2023-10-30', '87a1bd29-7953-493e-a3bf-10aafa648278', '94.69');
INSERT INTO "history_entries" ("id", "day", "user_id", "weight") VALUES ('5856bdd7-12ae-44fe-9ada-7cced354f164', '2023-10-29', '87a1bd29-7953-493e-a3bf-10aafa648278', '94.61');
INSERT INTO "history_entries" ("id", "day", "user_id", "weight") VALUES ('b6d5d73a-f047-4ecd-a47b-39df63388766', '2023-10-28', '87a1bd29-7953-493e-a3bf-10aafa648278', '94.53');
INSERT INTO "history_entries" ("id", "day", "user_id", "weight") VALUES ('e25afdf2-ba4c-49b5-84d1-eecb8daae640', '2023-10-27', '87a1bd29-7953-493e-a3bf-10aafa648278', '94.61');
INSERT INTO "history_entries" ("id", "day", "user_id", "weight") VALUES ('e1e7d4d4-5693-4607-be75-86c6b5a84a52', '2023-10-26', '87a1bd29-7953-493e-a3bf-10aafa648278', '94.53');
INSERT INTO "history_entries" ("id", "day", "user_id", "weight") VALUES ('b27a01fa-abf4-458b-b23a-97fec4c78e42', '2023-10-25', '87a1bd29-7953-493e-a3bf-10aafa648278', '94.45');
INSERT INTO "history_entries" ("id", "day", "user_id", "weight") VALUES ('42d7b7a3-31fc-4b7b-883b-63b93fc7b11c', '2023-10-24', '87a1bd29-7953-493e-a3bf-10aafa648278', '94.38');
INSERT INTO "history_entries" ("id", "day", "user_id", "weight") VALUES ('57fd4fcf-c399-460a-af72-a6df0215454c', '2023-10-23', '87a1bd29-7953-493e-a3bf-10aafa648278', '94.3');
INSERT INTO "history_entries" ("id", "day", "user_id", "weight") VALUES ('7f58cdaa-86e2-4c00-af89-570d680e1e65', '2023-10-22', '87a1bd29-7953-493e-a3bf-10aafa648278', '94.38');
INSERT INTO "history_entries" ("id", "day", "user_id", "weight") VALUES ('3e410989-c8e0-4d4d-ab16-f8d169e57bf3', '2023-10-21', '87a1bd29-7953-493e-a3bf-10aafa648278', '94.3');
INSERT INTO "history_entries" ("id", "day", "user_id", "weight") VALUES ('7836f948-cb0e-48db-aeda-23899b8e92b4', '2023-10-20', '87a1bd29-7953-493e-a3bf-10aafa648278', '94.22');
INSERT INTO "history_entries" ("id", "day", "user_id", "weight") VALUES ('95542d3c-2c93-4aef-9e92-38148696de48', '2023-10-19', '87a1bd29-7953-493e-a3bf-10aafa648278', '94.14');
INSERT INTO "history_entries" ("id", "day", "user_id", "weight") VALUES ('a8be10e3-9522-4281-9670-7bae8ab6e7e9', '2023-10-18', '87a1bd29-7953-493e-a3bf-10aafa648278', '94.06');
INSERT INTO "history_entries" ("id", "day", "user_id", "weight") VALUES ('3b1d78f8-6968-4791-a7e1-fb52961f9e24', '2023-10-17', '87a1bd29-7953-493e-a3bf-10aafa648278', '93.98');
INSERT INTO "history_entries" ("id", "day", "user_id", "weight") VALUES ('c8e50393-e689-4298-b990-2c25c341593d', '2023-10-16', '87a1bd29-7953-493e-a3bf-10aafa648278', '93.91');
INSERT INTO "history_entries" ("id", "day", "user_id", "weight") VALUES ('3ae5700a-702e-4b40-b360-d37619b62466', '2023-10-15', '87a1bd29-7953-493e-a3bf-10aafa648278', '93.83');
INSERT INTO "history_entries" ("id", "day", "user_id", "weight") VALUES ('a4713e2a-9046-46e2-b294-4df06ed329f5', '2023-10-14', '87a1bd29-7953-493e-a3bf-10aafa648278', '93.75');
INSERT INTO "history_entries" ("id", "day", "user_id", "weight") VALUES ('18d12a4c-ef30-48d2-91c6-1a94efed4f91', '2023-10-13', '87a1bd29-7953-493e-a3bf-10aafa648278', '93.67');
INSERT INTO "history_entries" ("id", "day", "user_id", "weight") VALUES ('21e123b0-da25-44f0-bed0-5ba29dc16a0e', '2023-10-12', '87a1bd29-7953-493e-a3bf-10aafa648278', '93.75');
INSERT INTO "history_entries" ("id", "day", "user_id", "weight") VALUES ('c79e7cdf-a2d1-4b39-a101-be168175869c', '2023-10-11', '87a1bd29-7953-493e-a3bf-10aafa648278', '93.67');
INSERT INTO "history_entries" ("id", "day", "user_id", "weight") VALUES ('19b7604c-0cd9-4c08-bbc9-e622036b4e19', '2023-10-10', '87a1bd29-7953-493e-a3bf-10aafa648278', '93.59');
INSERT INTO "history_entries" ("id", "day", "user_id", "weight") VALUES ('ac2f081c-b75c-4f27-888a-08da58b2db91', '2023-10-09', '87a1bd29-7953-493e-a3bf-10aafa648278', '93.52');
INSERT INTO "history_entries" ("id", "day", "user_id", "weight") VALUES ('a3fb467e-a224-4652-adbd-372c843c91cc', '2023-10-08', '87a1bd29-7953-493e-a3bf-10aafa648278', '93.44');
INSERT INTO "history_entries" ("id", "day", "user_id", "weight") VALUES ('5760abb6-f009-46e9-846a-5a6c5e70f34a', '2023-10-07', '87a1bd29-7953-493e-a3bf-10aafa648278', '93.36');
INSERT INTO "history_entries" ("id", "day", "user_id", "weight") VALUES ('684fbf08-6a9d-4c3b-820c-a676626703f4', '2023-10-06', '87a1bd29-7953-493e-a3bf-10aafa648278', '93.28');
INSERT INTO "history_entries" ("id", "day", "user_id", "weight") VALUES ('dfa68af9-1c18-4e7b-b860-bcc17972d9b5', '2023-10-05', '87a1bd29-7953-493e-a3bf-10aafa648278', '93.2');
INSERT INTO "history_entries" ("id", "day", "user_id", "weight") VALUES ('4cbbcae0-1bad-404a-81ca-11adfb0b8743', '2023-10-04', '87a1bd29-7953-493e-a3bf-10aafa648278', '93.28');
INSERT INTO "history_entries" ("id", "day", "user_id", "weight") VALUES ('9edcb285-d414-4d0b-8836-487fddfdb53e', '2023-10-03', '87a1bd29-7953-493e-a3bf-10aafa648278', '93.2');
INSERT INTO "history_entries" ("id", "day", "user_id", "weight") VALUES ('7e9d7439-442f-438e-9d34-bd89bd76237e', '2023-10-02', '87a1bd29-7953-493e-a3bf-10aafa648278', '93.13');
INSERT INTO "history_entries" ("id", "day", "user_id", "weight") VALUES ('b4e3bd56-68fc-495a-bffa-6d322d1eafd0', '2023-10-01', '87a1bd29-7953-493e-a3bf-10aafa648278', '93.05');
INSERT INTO "history_entries" ("id", "day", "user_id", "weight") VALUES ('7775636f-6f04-4ca1-a4ea-4e8ddb8c3aea', '2023-09-30', '87a1bd29-7953-493e-a3bf-10aafa648278', '92.97');
INSERT INTO "history_entries" ("id", "day", "user_id", "weight") VALUES ('c48b50bf-c1e7-4472-884e-17a6c93feed4', '2023-09-29', '87a1bd29-7953-493e-a3bf-10aafa648278', '93.05');
INSERT INTO "history_entries" ("id", "day", "user_id", "weight") VALUES ('68cbea5f-0004-4165-8dd6-3ea5c4d1e473', '2023-09-28', '87a1bd29-7953-493e-a3bf-10aafa648278', '92.97');
INSERT INTO "history_entries" ("id", "day", "user_id", "weight") VALUES ('cb5b7a58-7283-47cb-a76f-838e3f55bfda', '2023-09-27', '87a1bd29-7953-493e-a3bf-10aafa648278', '93.05');
INSERT INTO "history_entries" ("id", "day", "user_id", "weight") VALUES ('9b8bd136-30ad-47d7-a7c4-f8d541b17904', '2023-09-26', '87a1bd29-7953-493e-a3bf-10aafa648278', '92.97');
INSERT INTO "history_entries" ("id", "day", "user_id", "weight") VALUES ('f96cf264-5ea6-405f-aaa7-bfd91c2e24e4', '2023-09-25', '87a1bd29-7953-493e-a3bf-10aafa648278', '92.89');
INSERT INTO "history_entries" ("id", "day", "user_id", "weight") VALUES ('8e532e21-3e2e-4150-af31-d6cc208742c7', '2023-09-24', '87a1bd29-7953-493e-a3bf-10aafa648278', '92.81');
INSERT INTO "history_entries" ("id", "day", "user_id", "weight") VALUES ('d82738f4-6cb5-49aa-81f2-876a80d44b64', '2023-09-23', '87a1bd29-7953-493e-a3bf-10aafa648278', '92.73');
INSERT INTO "history_entries" ("id", "day", "user_id", "weight") VALUES ('665dea8a-bbff-462c-9d5a-f9c576c90bac', '2023-09-22', '87a1bd29-7953-493e-a3bf-10aafa648278', '92.66');
INSERT INTO "history_entries" ("id", "day", "user_id", "weight") VALUES ('d7adb178-8c54-47c0-95d5-1ac653fe3500', '2023-09-21', '87a1bd29-7953-493e-a3bf-10aafa648278', '92.58');
INSERT INTO "history_entries" ("id", "day", "user_id", "weight") VALUES ('a15c60aa-ce2c-4ca7-ad6d-e267f5c11a5f', '2023-09-20', '87a1bd29-7953-493e-a3bf-10aafa648278', '92.5');
INSERT INTO "history_entries" ("id", "day", "user_id", "weight") VALUES ('e891dbbe-0c3f-4aad-87e1-cf9c37fcdf75', '2023-09-19', '87a1bd29-7953-493e-a3bf-10aafa648278', '92.42');
INSERT INTO "history_entries" ("id", "day", "user_id", "weight") VALUES ('90cca3b3-405b-4a53-b962-3cf0ac3a35c1', '2023-09-18', '87a1bd29-7953-493e-a3bf-10aafa648278', '92.5');
INSERT INTO "history_entries" ("id", "day", "user_id", "weight") VALUES ('ba461461-7cd0-4966-af90-9943067c4e0c', '2023-09-17', '87a1bd29-7953-493e-a3bf-10aafa648278', '92.42');
INSERT INTO "history_entries" ("id", "day", "user_id", "weight") VALUES ('2bcc87ea-2541-4edc-9462-89f30d08f274', '2023-09-16', '87a1bd29-7953-493e-a3bf-10aafa648278', '92.34');
INSERT INTO "history_entries" ("id", "day", "user_id", "weight") VALUES ('6f62248e-e737-4efc-b436-2daef403797c', '2023-09-15', '87a1bd29-7953-493e-a3bf-10aafa648278', '92.27');
INSERT INTO "history_entries" ("id", "day", "user_id", "weight") VALUES ('1477e205-ff64-455e-974e-f4bedd8dac16', '2023-09-14', '87a1bd29-7953-493e-a3bf-10aafa648278', '92.19');
INSERT INTO "history_entries" ("id", "day", "user_id", "weight") VALUES ('492923b0-078e-44ee-bd71-ffa8b9bfb162', '2023-09-13', '87a1bd29-7953-493e-a3bf-10aafa648278', '92.11');
INSERT INTO "history_entries" ("id", "day", "user_id", "weight") VALUES ('dcf19574-b300-4202-bb55-4677d1a3bbde', '2023-09-12', '87a1bd29-7953-493e-a3bf-10aafa648278', '92.19');
INSERT INTO "history_entries" ("id", "day", "user_id", "weight") VALUES ('531b5981-a44c-49cf-930c-376685c18346', '2023-09-11', '87a1bd29-7953-493e-a3bf-10aafa648278', '92.27');
INSERT INTO "history_entries" ("id", "day", "user_id", "weight") VALUES ('71fc5797-cfba-4a17-9781-c1bc5a6294f2', '2023-09-10', '87a1bd29-7953-493e-a3bf-10aafa648278', '92.19');
INSERT INTO "history_entries" ("id", "day", "user_id", "weight") VALUES ('3a81fde8-7c8d-4367-948e-aa6d1f311334', '2023-09-09', '87a1bd29-7953-493e-a3bf-10aafa648278', '92.11');
INSERT INTO "history_entries" ("id", "day", "user_id", "weight") VALUES ('b9c94009-5237-4d8a-a8e0-7df9dfd08022', '2023-09-08', '87a1bd29-7953-493e-a3bf-10aafa648278', '92.03');
INSERT INTO "history_entries" ("id", "day", "user_id", "weight") VALUES ('1e215a0f-a00d-4041-a057-97acf1b4a284', '2023-09-07', '87a1bd29-7953-493e-a3bf-10aafa648278', '92.11');
INSERT INTO "history_entries" ("id", "day", "user_id", "weight") VALUES ('bc44e90c-d0f4-4a52-8168-0b375d75b24a', '2023-09-06', '87a1bd29-7953-493e-a3bf-10aafa648278', '92.03');
INSERT INTO "history_entries" ("id", "day", "user_id", "weight") VALUES ('515a85aa-56f8-4be1-a44c-3d99a0371816', '2023-09-05', '87a1bd29-7953-493e-a3bf-10aafa648278', '91.95');
INSERT INTO "history_entries" ("id", "day", "user_id", "weight") VALUES ('73e7c75c-5211-42e6-a7ca-dd6dd938bcdb', '2023-09-04', '87a1bd29-7953-493e-a3bf-10aafa648278', '91.88');
INSERT INTO "history_entries" ("id", "day", "user_id", "weight") VALUES ('da963b22-e9fb-4f74-96f2-5af2d9e4d49a', '2023-09-03', '87a1bd29-7953-493e-a3bf-10aafa648278', '91.8');
INSERT INTO "history_entries" ("id", "day", "user_id", "weight") VALUES ('fff91431-03af-473a-9c17-06128fa70a48', '2023-09-02', '87a1bd29-7953-493e-a3bf-10aafa648278', '91.72');
INSERT INTO "history_entries" ("id", "day", "user_id", "weight") VALUES ('63231a29-58ce-422b-8b2f-166b8f7ad5b6', '2023-09-01', '87a1bd29-7953-493e-a3bf-10aafa648278', '91.64');
INSERT INTO "history_entries" ("id", "day", "user_id", "weight") VALUES ('999dc073-c5e4-4983-bb7f-b40233266c0c', '2023-08-31', '87a1bd29-7953-493e-a3bf-10aafa648278', '91.56');
INSERT INTO "history_entries" ("id", "day", "user_id", "weight") VALUES ('fdc59de4-d086-43f5-bb4f-ff97d96247bc', '2023-08-30', '87a1bd29-7953-493e-a3bf-10aafa648278', '91.64');
INSERT INTO "history_entries" ("id", "day", "user_id", "weight") VALUES ('d66043b6-9af6-480f-a402-d1fbc1f459d0', '2023-08-29', '87a1bd29-7953-493e-a3bf-10aafa648278', '91.56');
INSERT INTO "history_entries" ("id", "day", "user_id", "weight") VALUES ('039de33f-eb48-4ad6-a952-8ae742b654b7', '2023-08-28', '87a1bd29-7953-493e-a3bf-10aafa648278', '91.48');
INSERT INTO "history_entries" ("id", "day", "user_id", "weight") VALUES ('17837395-b4e8-43da-98b1-b784c4ab0a1d', '2023-08-27', '87a1bd29-7953-493e-a3bf-10aafa648278', '91.41');
INSERT INTO "history_entries" ("id", "day", "user_id", "weight") VALUES ('cba90ed0-f078-4c6e-b04d-7060e83f71bb', '2023-08-26', '87a1bd29-7953-493e-a3bf-10aafa648278', '91.48');
INSERT INTO "history_entries" ("id", "day", "user_id", "weight") VALUES ('027d9986-e802-4ccf-a9e2-88b56cad95a3', '2023-08-25', '87a1bd29-7953-493e-a3bf-10aafa648278', '91.41');
INSERT INTO "history_entries" ("id", "day", "user_id", "weight") VALUES ('8eabe237-1221-4fcb-a8f2-a8a9684e11aa', '2023-08-24', '87a1bd29-7953-493e-a3bf-10aafa648278', '91.33');
INSERT INTO "history_entries" ("id", "day", "user_id", "weight") VALUES ('02f4eed3-8aea-47b2-bf30-6bc793b7ed63', '2023-08-23', '87a1bd29-7953-493e-a3bf-10aafa648278', '91.25');
INSERT INTO "history_entries" ("id", "day", "user_id", "weight") VALUES ('e0024683-7b90-4eaa-8734-3a4e0fb5a91c', '2023-08-22', '87a1bd29-7953-493e-a3bf-10aafa648278', '91.17');
INSERT INTO "history_entries" ("id", "day", "user_id", "weight") VALUES ('f58444dd-d2ae-4ca9-8dd7-3bb285832e77', '2023-08-21', '87a1bd29-7953-493e-a3bf-10aafa648278', '91.09');
INSERT INTO "history_entries" ("id", "day", "user_id", "weight") VALUES ('bb434d2b-ef2a-43ec-9f7f-99d703458185', '2023-08-20', '87a1bd29-7953-493e-a3bf-10aafa648278', '91.02');
INSERT INTO "history_entries" ("id", "day", "user_id", "weight") VALUES ('26947427-5ece-4c65-92c3-117aa57bfb4e', '2023-08-19', '87a1bd29-7953-493e-a3bf-10aafa648278', '91.09');
INSERT INTO "history_entries" ("id", "day", "user_id", "weight") VALUES ('091725b7-81e5-473f-8a73-3e40f9856274', '2023-08-18', '87a1bd29-7953-493e-a3bf-10aafa648278', '91.02');
INSERT INTO "history_entries" ("id", "day", "user_id", "weight") VALUES ('285c747b-e2aa-459a-996a-8fcf2716cd3c', '2023-08-17', '87a1bd29-7953-493e-a3bf-10aafa648278', '90.94');
INSERT INTO "history_entries" ("id", "day", "user_id", "weight") VALUES ('be14c281-8799-4e72-8966-ebab778a82cb', '2023-08-16', '87a1bd29-7953-493e-a3bf-10aafa648278', '91.02');
INSERT INTO "history_entries" ("id", "day", "user_id", "weight") VALUES ('2ee0f609-6bc0-4975-962f-cf6f6d88b67f', '2023-08-15', '87a1bd29-7953-493e-a3bf-10aafa648278', '90.94');
INSERT INTO "history_entries" ("id", "day", "user_id", "weight") VALUES ('13bc2823-86f9-498d-85e3-67ef87c9441f', '2023-08-14', '87a1bd29-7953-493e-a3bf-10aafa648278', '90.86');
INSERT INTO "history_entries" ("id", "day", "user_id", "weight") VALUES ('886afb1c-75bf-4138-adb4-1f4a46be370e', '2023-08-13', '87a1bd29-7953-493e-a3bf-10aafa648278', '90.94');
INSERT INTO "history_entries" ("id", "day", "user_id", "weight") VALUES ('76e64359-1159-44d6-93b2-016219719969', '2023-08-12', '87a1bd29-7953-493e-a3bf-10aafa648278', '90.86');
INSERT INTO "history_entries" ("id", "day", "user_id", "weight") VALUES ('16895bd3-dc44-49a2-b183-f8bcf3d46380', '2023-08-11', '87a1bd29-7953-493e-a3bf-10aafa648278', '90.78');
INSERT INTO "history_entries" ("id", "day", "user_id", "weight") VALUES ('6dd3ab1e-26ac-4fb9-bc56-9c0e66d77dd0', '2023-08-10', '87a1bd29-7953-493e-a3bf-10aafa648278', '90.7');
INSERT INTO "history_entries" ("id", "day", "user_id", "weight") VALUES ('ec6ea36f-e994-4c5c-a52a-de09670caec5', '2023-08-09', '87a1bd29-7953-493e-a3bf-10aafa648278', '90.78');
INSERT INTO "history_entries" ("id", "day", "user_id", "weight") VALUES ('1c9d1af5-25f6-4ffe-8ff8-e21de17954f3', '2023-08-08', '87a1bd29-7953-493e-a3bf-10aafa648278', '90.7');
INSERT INTO "history_entries" ("id", "day", "user_id", "weight") VALUES ('72b8cd8e-d5f8-40cb-b1cd-742735295f2d', '2023-08-07', '87a1bd29-7953-493e-a3bf-10aafa648278', '90.63');
INSERT INTO "history_entries" ("id", "day", "user_id", "weight") VALUES ('a6519e89-d59d-45a6-8684-c1250a0f98ce', '2023-08-06', '87a1bd29-7953-493e-a3bf-10aafa648278', '90.55');
INSERT INTO "history_entries" ("id", "day", "user_id", "weight") VALUES ('1e98dfce-1fb6-4b02-a6a6-c2c6d10fbf36', '2023-08-05', '87a1bd29-7953-493e-a3bf-10aafa648278', '90.47');
INSERT INTO "history_entries" ("id", "day", "user_id", "weight") VALUES ('bc7b0a6c-71aa-4f2f-9427-5e2ba699a754', '2023-08-04', '87a1bd29-7953-493e-a3bf-10aafa648278', '90.55');
INSERT INTO "history_entries" ("id", "day", "user_id", "weight") VALUES ('05185b4f-09a5-45ed-a064-ce1a3eb12f60', '2023-08-03', '87a1bd29-7953-493e-a3bf-10aafa648278', '90.47');
INSERT INTO "history_entries" ("id", "day", "user_id", "weight") VALUES ('96f31e66-bb9f-40c8-b9bc-05e74dc9724d', '2023-08-02', '87a1bd29-7953-493e-a3bf-10aafa648278', '90.39');
INSERT INTO "history_entries" ("id", "day", "user_id", "weight") VALUES ('89cd2f69-1552-42b6-bfad-afa559c7201e', '2023-08-01', '87a1bd29-7953-493e-a3bf-10aafa648278', '90.31');
INSERT INTO "history_entries" ("id", "day", "user_id", "weight") VALUES ('5ffbc459-f34f-4da6-a485-536d7416c018', '2023-07-31', '87a1bd29-7953-493e-a3bf-10aafa648278', '90.23');
INSERT INTO "history_entries" ("id", "day", "user_id", "weight") VALUES ('d39d2d66-111a-4e8a-adec-999843647234', '2023-07-30', '87a1bd29-7953-493e-a3bf-10aafa648278', '90.16');
INSERT INTO "history_entries" ("id", "day", "user_id", "weight") VALUES ('4e887503-f505-4d7b-92de-923d80ecfc46', '2023-07-29', '87a1bd29-7953-493e-a3bf-10aafa648278', '90.08');
INSERT INTO "history_entries" ("id", "day", "user_id", "weight") VALUES ('57bfaf7a-b2bc-4851-accf-a513b988e192', '2023-07-28', '87a1bd29-7953-493e-a3bf-10aafa648278', '90');
INSERT INTO "history_entries" ("id", "day", "user_id", "weight") VALUES ('1a2b9d85-7052-411a-8a3f-427af16ed789', '2023-07-27', '87a1bd29-7953-493e-a3bf-10aafa648278', '89.92');
INSERT INTO "history_entries" ("id", "day", "user_id", "weight") VALUES ('76f326ad-3fe4-43c5-8a6d-f47812550c2e', '2023-07-26', '87a1bd29-7953-493e-a3bf-10aafa648278', '89.84');
INSERT INTO "history_entries" ("id", "day", "user_id", "weight") VALUES ('50c1295d-3a1c-4c39-b3d7-c7fe451fad33', '2023-07-25', '87a1bd29-7953-493e-a3bf-10aafa648278', '89.77');
INSERT INTO "history_entries" ("id", "day", "user_id", "weight") VALUES ('b521a362-450e-4781-b11d-fcd7f8ee47a1', '2023-07-24', '87a1bd29-7953-493e-a3bf-10aafa648278', '89.69');
INSERT INTO "history_entries" ("id", "day", "user_id", "weight") VALUES ('d0365ba1-73c3-4575-8d92-e02009888a7b', '2023-07-23', '87a1bd29-7953-493e-a3bf-10aafa648278', '89.77');
INSERT INTO "history_entries" ("id", "day", "user_id", "weight") VALUES ('3e9bb69f-f27b-44c9-96fe-7947e125b038', '2023-07-22', '87a1bd29-7953-493e-a3bf-10aafa648278', '89.84');
INSERT INTO "history_entries" ("id", "day", "user_id", "weight") VALUES ('16946de6-ad8a-4183-abc2-95b0bd2c7491', '2023-07-21', '87a1bd29-7953-493e-a3bf-10aafa648278', '89.77');
INSERT INTO "history_entries" ("id", "day", "user_id", "weight") VALUES ('384e6e73-81c6-4e8e-8885-429ac90298b6', '2023-07-20', '87a1bd29-7953-493e-a3bf-10aafa648278', '89.69');
INSERT INTO "history_entries" ("id", "day", "user_id", "weight") VALUES ('0736c696-2d61-45db-9447-93ce07ac6e8c', '2023-07-19', '87a1bd29-7953-493e-a3bf-10aafa648278', '89.61');
INSERT INTO "history_entries" ("id", "day", "user_id", "weight") VALUES ('446be3b1-f480-4ca9-bd94-78ba13232c7e', '2023-07-18', '87a1bd29-7953-493e-a3bf-10aafa648278', '89.53');
INSERT INTO "history_entries" ("id", "day", "user_id", "weight") VALUES ('2fd0c274-d350-4698-886d-420d9a1bcb90', '2023-07-17', '87a1bd29-7953-493e-a3bf-10aafa648278', '89.45');
INSERT INTO "history_entries" ("id", "day", "user_id", "weight") VALUES ('eaebc52d-bea9-4561-a7ff-540e6f5bab82', '2023-07-16', '87a1bd29-7953-493e-a3bf-10aafa648278', '89.38');
INSERT INTO "history_entries" ("id", "day", "user_id", "weight") VALUES ('69a793d1-fbd4-420c-a907-c44da834993e', '2023-07-15', '87a1bd29-7953-493e-a3bf-10aafa648278', '89.3');
INSERT INTO "history_entries" ("id", "day", "user_id", "weight") VALUES ('8e4fab74-44c7-42b0-bb36-974471956e42', '2023-07-14', '87a1bd29-7953-493e-a3bf-10aafa648278', '89.22');
INSERT INTO "history_entries" ("id", "day", "user_id", "weight") VALUES ('e62f37a9-50e2-438d-9f4c-3691628492fa', '2023-07-13', '87a1bd29-7953-493e-a3bf-10aafa648278', '89.14');
INSERT INTO "history_entries" ("id", "day", "user_id", "weight") VALUES ('64b932c7-98f2-4e31-854a-5ae21e485931', '2023-07-12', '87a1bd29-7953-493e-a3bf-10aafa648278', '89.22');
INSERT INTO "history_entries" ("id", "day", "user_id", "weight") VALUES ('7bebeaf4-1539-46f9-887c-93a790afc2b9', '2023-07-11', '87a1bd29-7953-493e-a3bf-10aafa648278', '89.14');
INSERT INTO "history_entries" ("id", "day", "user_id", "weight") VALUES ('aac7de0e-aa34-4b95-85e8-e79067039f8a', '2023-07-10', '87a1bd29-7953-493e-a3bf-10aafa648278', '89.06');
INSERT INTO "history_entries" ("id", "day", "user_id", "weight") VALUES ('0bf19155-6b33-47f2-8cd6-0615ef53569b', '2023-07-09', '87a1bd29-7953-493e-a3bf-10aafa648278', '88.98');
INSERT INTO "history_entries" ("id", "day", "user_id", "weight") VALUES ('6e8f4e9d-98ef-4a07-a584-6b9788826785', '2023-07-08', '87a1bd29-7953-493e-a3bf-10aafa648278', '88.91');
INSERT INTO "history_entries" ("id", "day", "user_id", "weight") VALUES ('a6e622af-a5e1-4497-984d-dad5cb082772', '2023-07-07', '87a1bd29-7953-493e-a3bf-10aafa648278', '88.83');
INSERT INTO "history_entries" ("id", "day", "user_id", "weight") VALUES ('bc0ecc31-2472-4a83-8f45-4801375d9cbe', '2023-07-06', '87a1bd29-7953-493e-a3bf-10aafa648278', '88.75');
INSERT INTO "history_entries" ("id", "day", "user_id", "weight") VALUES ('cbcde252-3b61-4492-b7b6-e43562ce5dde', '2023-07-05', '87a1bd29-7953-493e-a3bf-10aafa648278', '88.67');
INSERT INTO "history_entries" ("id", "day", "user_id", "weight") VALUES ('1a83642d-ab5d-43da-8a12-82d293e4fed1', '2023-07-04', '87a1bd29-7953-493e-a3bf-10aafa648278', '88.59');
INSERT INTO "history_entries" ("id", "day", "user_id", "weight") VALUES ('3a7837be-507b-41fb-aa37-45c9617cc203', '2023-07-03', '87a1bd29-7953-493e-a3bf-10aafa648278', '88.52');
INSERT INTO "history_entries" ("id", "day", "user_id", "weight") VALUES ('8a1d303d-d560-45a3-82e2-e6cbafa7a3bb', '2023-07-02', '87a1bd29-7953-493e-a3bf-10aafa648278', '88.44');
INSERT INTO "history_entries" ("id", "day", "user_id", "weight") VALUES ('7ff842c9-89d4-4b90-be8c-501bb0729168', '2023-07-01', '87a1bd29-7953-493e-a3bf-10aafa648278', '88.52');
INSERT INTO "history_entries" ("id", "day", "user_id", "weight") VALUES ('ce9e26ad-2b7e-4899-9047-632d0f87094e', '2023-06-30', '87a1bd29-7953-493e-a3bf-10aafa648278', '88.44');
INSERT INTO "history_entries" ("id", "day", "user_id", "weight") VALUES ('58f5e34d-dc94-461e-bc6f-cbd24f94e074', '2023-06-29', '87a1bd29-7953-493e-a3bf-10aafa648278', '88.36');
INSERT INTO "history_entries" ("id", "day", "user_id", "weight") VALUES ('d40a14c4-b2f4-4ae8-a056-4b3800e070fb', '2023-06-28', '87a1bd29-7953-493e-a3bf-10aafa648278', '88.28');
INSERT INTO "history_entries" ("id", "day", "user_id", "weight") VALUES ('9f0eb32e-6ef1-487a-ac92-fb21475f6a16', '2023-06-27', '87a1bd29-7953-493e-a3bf-10aafa648278', '88.36');
INSERT INTO "history_entries" ("id", "day", "user_id", "weight") VALUES ('1318deb9-e233-4c18-ae33-b139272755f8', '2023-06-26', '87a1bd29-7953-493e-a3bf-10aafa648278', '88.44');
INSERT INTO "history_entries" ("id", "day", "user_id", "weight") VALUES ('c4fa8b0f-f2a5-4ac1-9290-b36ad0df8db9', '2023-06-25', '87a1bd29-7953-493e-a3bf-10aafa648278', '88.36');
INSERT INTO "history_entries" ("id", "day", "user_id", "weight") VALUES ('b1680fe4-f4a2-4a66-8923-488434369838', '2023-06-24', '87a1bd29-7953-493e-a3bf-10aafa648278', '88.44');
INSERT INTO "history_entries" ("id", "day", "user_id", "weight") VALUES ('26fa99dd-eceb-44c7-89b8-e0d1e333ad45', '2023-06-23', '87a1bd29-7953-493e-a3bf-10aafa648278', '88.36');
INSERT INTO "history_entries" ("id", "day", "user_id", "weight") VALUES ('3980735f-3a25-4447-ac34-117248c102b1', '2023-06-22', '87a1bd29-7953-493e-a3bf-10aafa648278', '88.28');
INSERT INTO "history_entries" ("id", "day", "user_id", "weight") VALUES ('ee74b98a-1ecb-4f6a-b8f4-545e0cdd5465', '2023-06-21', '87a1bd29-7953-493e-a3bf-10aafa648278', '88.2');
INSERT INTO "history_entries" ("id", "day", "user_id", "weight") VALUES ('180f8c00-da00-4fca-879d-d3a42f6f1834', '2023-06-20', '87a1bd29-7953-493e-a3bf-10aafa648278', '88.13');
INSERT INTO "history_entries" ("id", "day", "user_id", "weight") VALUES ('d63f3409-eb10-4960-a724-e87114d9594c', '2023-06-19', '87a1bd29-7953-493e-a3bf-10aafa648278', '88.05');
INSERT INTO "history_entries" ("id", "day", "user_id", "weight") VALUES ('a454c7d6-0988-470c-ae22-6afb64d25ebe', '2023-06-18', '87a1bd29-7953-493e-a3bf-10aafa648278', '87.97');
INSERT INTO "history_entries" ("id", "day", "user_id", "weight") VALUES ('bf2d3b4d-5e31-4b9f-997d-c3533b7aa461', '2023-06-17', '87a1bd29-7953-493e-a3bf-10aafa648278', '87.89');
INSERT INTO "history_entries" ("id", "day", "user_id", "weight") VALUES ('6d6069e5-59aa-48d4-82b8-c1a15969fbab', '2023-06-16', '87a1bd29-7953-493e-a3bf-10aafa648278', '87.81');
INSERT INTO "history_entries" ("id", "day", "user_id", "weight") VALUES ('be70af50-9079-4ea1-8021-26cf77ac24cd', '2023-06-15', '87a1bd29-7953-493e-a3bf-10aafa648278', '87.73');
INSERT INTO "history_entries" ("id", "day", "user_id", "weight") VALUES ('365e7be5-24be-4c84-9976-efde4f0aa1b8', '2023-06-14', '87a1bd29-7953-493e-a3bf-10aafa648278', '87.66');
INSERT INTO "history_entries" ("id", "day", "user_id", "weight") VALUES ('fac82fa5-292e-4616-91b4-086752e9730d', '2023-06-13', '87a1bd29-7953-493e-a3bf-10aafa648278', '87.58');
INSERT INTO "history_entries" ("id", "day", "user_id", "weight") VALUES ('ca509134-952b-46a2-a023-585fb115f14d', '2023-06-12', '87a1bd29-7953-493e-a3bf-10aafa648278', '87.5');
INSERT INTO "history_entries" ("id", "day", "user_id", "weight") VALUES ('cd7f30c2-d123-4e5e-b510-60d67aae3314', '2023-06-11', '87a1bd29-7953-493e-a3bf-10aafa648278', '87.58');
INSERT INTO "history_entries" ("id", "day", "user_id", "weight") VALUES ('d50ac56f-564f-4623-8665-b4d704922a90', '2023-06-10', '87a1bd29-7953-493e-a3bf-10aafa648278', '87.5');
INSERT INTO "history_entries" ("id", "day", "user_id", "weight") VALUES ('5d1898e2-d807-45cb-bfa4-99bd9c2ffd25', '2023-06-09', '87a1bd29-7953-493e-a3bf-10aafa648278', '87.42');
INSERT INTO "history_entries" ("id", "day", "user_id", "weight") VALUES ('a2078007-027f-4d19-b88d-86d24fc9e765', '2023-06-08', '87a1bd29-7953-493e-a3bf-10aafa648278', '87.5');
INSERT INTO "history_entries" ("id", "day", "user_id", "weight") VALUES ('f820c4ae-949e-42a8-a83a-1f3f2388acb8', '2023-06-07', '87a1bd29-7953-493e-a3bf-10aafa648278', '87.58');
INSERT INTO "history_entries" ("id", "day", "user_id", "weight") VALUES ('eda41122-cc21-49fe-b9f1-385b9f2e1555', '2023-06-06', '87a1bd29-7953-493e-a3bf-10aafa648278', '87.5');
INSERT INTO "history_entries" ("id", "day", "user_id", "weight") VALUES ('bf3966d1-0f7d-4a46-b6e2-50fe6bff4cf3', '2023-06-05', '87a1bd29-7953-493e-a3bf-10aafa648278', '87.58');
INSERT INTO "history_entries" ("id", "day", "user_id", "weight") VALUES ('6846e640-7d10-48a6-8b1f-e13aae9a77e0', '2023-06-04', '87a1bd29-7953-493e-a3bf-10aafa648278', '87.66');
INSERT INTO "history_entries" ("id", "day", "user_id", "weight") VALUES ('23bf7bb4-1bd7-4e26-af64-396eb31ebb37', '2023-06-03', '87a1bd29-7953-493e-a3bf-10aafa648278', '87.58');
INSERT INTO "history_entries" ("id", "day", "user_id", "weight") VALUES ('82d8f511-5385-43ec-8988-47e71652ae33', '2023-06-02', '87a1bd29-7953-493e-a3bf-10aafa648278', '87.5');
INSERT INTO "history_entries" ("id", "day", "user_id", "weight") VALUES ('22345865-12dd-4c0c-98b6-3eaf841ab9ed', '2023-06-01', '87a1bd29-7953-493e-a3bf-10aafa648278', '87.58');
INSERT INTO "history_entries" ("id", "day", "user_id", "weight") VALUES ('45da4c21-a5b1-479d-83f9-0a6d763e0789', '2023-05-31', '87a1bd29-7953-493e-a3bf-10aafa648278', '87.5');
INSERT INTO "history_entries" ("id", "day", "user_id", "weight") VALUES ('b82c0763-f220-44c0-be8f-bae03d605181', '2023-05-30', '87a1bd29-7953-493e-a3bf-10aafa648278', '87.42');
INSERT INTO "history_entries" ("id", "day", "user_id", "weight") VALUES ('34eca3e7-e3a0-4955-a8f3-da8ffe34d055', '2023-05-29', '87a1bd29-7953-493e-a3bf-10aafa648278', '87.34');
INSERT INTO "history_entries" ("id", "day", "user_id", "weight") VALUES ('98bd562b-cb15-4b7e-a524-5da6e5a9da46', '2023-05-28', '87a1bd29-7953-493e-a3bf-10aafa648278', '87.27');
INSERT INTO "history_entries" ("id", "day", "user_id", "weight") VALUES ('61cf3f3c-97b4-41c8-9f37-1440b93fef7d', '2023-05-27', '87a1bd29-7953-493e-a3bf-10aafa648278', '87.19');
INSERT INTO "history_entries" ("id", "day", "user_id", "weight") VALUES ('5624c3c7-3a05-4eb9-a0a9-8070d51a7023', '2023-05-26', '87a1bd29-7953-493e-a3bf-10aafa648278', '87.27');
INSERT INTO "history_entries" ("id", "day", "user_id", "weight") VALUES ('29cdeb2a-7407-4dc2-beb6-d44f00229637', '2023-05-25', '87a1bd29-7953-493e-a3bf-10aafa648278', '87.19');
INSERT INTO "history_entries" ("id", "day", "user_id", "weight") VALUES ('869266d2-16c9-4690-8832-6265c75014da', '2023-05-24', '87a1bd29-7953-493e-a3bf-10aafa648278', '87.11');
INSERT INTO "history_entries" ("id", "day", "user_id", "weight") VALUES ('4b40932a-ae0d-41f6-9dd2-58545894f595', '2023-05-23', '87a1bd29-7953-493e-a3bf-10aafa648278', '87.03');
INSERT INTO "history_entries" ("id", "day", "user_id", "weight") VALUES ('5377d280-bad4-41c8-aeb5-4e8c202f8b09', '2023-05-22', '87a1bd29-7953-493e-a3bf-10aafa648278', '87.11');
INSERT INTO "history_entries" ("id", "day", "user_id", "weight") VALUES ('4ab4739c-5cdb-4b6f-bfac-66354e18d23a', '2023-05-21', '87a1bd29-7953-493e-a3bf-10aafa648278', '87.19');
INSERT INTO "history_entries" ("id", "day", "user_id", "weight") VALUES ('1a4e9736-2737-43a6-8dec-c7cc373cb155', '2023-05-20', '87a1bd29-7953-493e-a3bf-10aafa648278', '87.11');
INSERT INTO "history_entries" ("id", "day", "user_id", "weight") VALUES ('927c4004-581d-48ad-b1bb-42768d984d80', '2023-05-19', '87a1bd29-7953-493e-a3bf-10aafa648278', '87.19');
INSERT INTO "history_entries" ("id", "day", "user_id", "weight") VALUES ('b0a6c5dd-d6b2-4523-bd21-7bd013ebdb0b', '2023-05-18', '87a1bd29-7953-493e-a3bf-10aafa648278', '87.11');
INSERT INTO "history_entries" ("id", "day", "user_id", "weight") VALUES ('c2d9f51d-9fb7-49c1-899e-edf47b282983', '2023-05-17', '87a1bd29-7953-493e-a3bf-10aafa648278', '87.19');
INSERT INTO "history_entries" ("id", "day", "user_id", "weight") VALUES ('64ad1cd0-7d08-4795-9485-cf24c92f1901', '2023-05-16', '87a1bd29-7953-493e-a3bf-10aafa648278', '87.11');
INSERT INTO "history_entries" ("id", "day", "user_id", "weight") VALUES ('34a49630-d8dc-4726-9342-55b81ff87418', '2023-05-15', '87a1bd29-7953-493e-a3bf-10aafa648278', '87.03');
INSERT INTO "history_entries" ("id", "day", "user_id", "weight") VALUES ('87a984d5-dbc6-4c41-88f1-94087819669b', '2023-05-14', '87a1bd29-7953-493e-a3bf-10aafa648278', '86.95');
INSERT INTO "history_entries" ("id", "day", "user_id", "weight") VALUES ('f9c33560-94ac-42d0-aa3c-6f01c24f4fd4', '2023-05-13', '87a1bd29-7953-493e-a3bf-10aafa648278', '86.88');
INSERT INTO "history_entries" ("id", "day", "user_id", "weight") VALUES ('508d37b2-24e6-4b8c-b052-78702d78c9c9', '2023-05-12', '87a1bd29-7953-493e-a3bf-10aafa648278', '86.8');
INSERT INTO "history_entries" ("id", "day", "user_id", "weight") VALUES ('4d2f59e8-c8c0-4af2-93d8-6f8348f20cc0', '2023-05-11', '87a1bd29-7953-493e-a3bf-10aafa648278', '86.72');
INSERT INTO "history_entries" ("id", "day", "user_id", "weight") VALUES ('3816637a-d90e-413f-8dc7-629d3780535e', '2023-05-10', '87a1bd29-7953-493e-a3bf-10aafa648278', '86.8');
INSERT INTO "history_entries" ("id", "day", "user_id", "weight") VALUES ('b1cf230e-1d11-4cc3-9879-3050f55413a2', '2023-05-09', '87a1bd29-7953-493e-a3bf-10aafa648278', '86.72');
INSERT INTO "history_entries" ("id", "day", "user_id", "weight") VALUES ('1280966f-775b-42af-82b9-bb1a7c79736b', '2023-05-08', '87a1bd29-7953-493e-a3bf-10aafa648278', '86.64');
INSERT INTO "history_entries" ("id", "day", "user_id", "weight") VALUES ('f631155b-3605-4520-9c6f-ce533c5ba7ef', '2023-05-07', '87a1bd29-7953-493e-a3bf-10aafa648278', '86.72');
INSERT INTO "history_entries" ("id", "day", "user_id", "weight") VALUES ('13de6751-4977-470e-b2cf-202f7ffa9df4', '2023-05-06', '87a1bd29-7953-493e-a3bf-10aafa648278', '86.64');
INSERT INTO "history_entries" ("id", "day", "user_id", "weight") VALUES ('61880ccc-a419-4c55-8516-233e298c8677', '2023-05-05', '87a1bd29-7953-493e-a3bf-10aafa648278', '86.56');
INSERT INTO "history_entries" ("id", "day", "user_id", "weight") VALUES ('b80e1cc7-a0ce-4c4c-af65-4000acdb51d6', '2023-05-04', '87a1bd29-7953-493e-a3bf-10aafa648278', '86.48');
INSERT INTO "history_entries" ("id", "day", "user_id", "weight") VALUES ('3de7ecdd-05ac-4794-8f11-53437d1f8502', '2023-05-03', '87a1bd29-7953-493e-a3bf-10aafa648278', '86.41');
INSERT INTO "history_entries" ("id", "day", "user_id", "weight") VALUES ('c2e51c2c-0317-45f3-8f49-bc2dcdde41e4', '2023-05-02', '87a1bd29-7953-493e-a3bf-10aafa648278', '86.33');
INSERT INTO "history_entries" ("id", "day", "user_id", "weight") VALUES ('805a158a-5666-45c5-8ef8-d97704403d66', '2023-05-01', '87a1bd29-7953-493e-a3bf-10aafa648278', '86.25');
INSERT INTO "history_entries" ("id", "day", "user_id", "weight") VALUES ('17b700ff-2108-4b03-a23b-6d6527317282', '2023-04-30', '87a1bd29-7953-493e-a3bf-10aafa648278', '86.33');
INSERT INTO "history_entries" ("id", "day", "user_id", "weight") VALUES ('fae1400c-4f76-4a9a-8ba6-640d4ac6f1be', '2023-04-29', '87a1bd29-7953-493e-a3bf-10aafa648278', '86.25');
INSERT INTO "history_entries" ("id", "day", "user_id", "weight") VALUES ('f942dfcb-e956-49b3-8728-f5469affee87', '2023-04-28', '87a1bd29-7953-493e-a3bf-10aafa648278', '86.17');
INSERT INTO "history_entries" ("id", "day", "user_id", "weight") VALUES ('fe667dc9-701f-47cc-8b67-59e6d96eb69c', '2023-04-27', '87a1bd29-7953-493e-a3bf-10aafa648278', '86.25');
INSERT INTO "history_entries" ("id", "day", "user_id", "weight") VALUES ('22f4542d-6b97-4fbd-8a52-f47946abec9d', '2023-04-26', '87a1bd29-7953-493e-a3bf-10aafa648278', '86.17');
INSERT INTO "history_entries" ("id", "day", "user_id", "weight") VALUES ('9073172f-80ad-42d1-aa75-11b26cbc66c3', '2023-04-25', '87a1bd29-7953-493e-a3bf-10aafa648278', '86.09');
INSERT INTO "history_entries" ("id", "day", "user_id", "weight") VALUES ('4fdc1b99-e719-4d20-9c8b-060dbf4d9180', '2023-04-24', '87a1bd29-7953-493e-a3bf-10aafa648278', '86.02');
INSERT INTO "history_entries" ("id", "day", "user_id", "weight") VALUES ('66191352-7c0f-409a-b705-6638c932e373', '2023-04-23', '87a1bd29-7953-493e-a3bf-10aafa648278', '85.94');
INSERT INTO "history_entries" ("id", "day", "user_id", "weight") VALUES ('0897f052-d19e-4f5d-aa3d-4659a9c6e62e', '2023-04-22', '87a1bd29-7953-493e-a3bf-10aafa648278', '85.86');
INSERT INTO "history_entries" ("id", "day", "user_id", "weight") VALUES ('a562900f-b6a4-475f-9039-3f84aa41650d', '2023-04-21', '87a1bd29-7953-493e-a3bf-10aafa648278', '85.78');
INSERT INTO "history_entries" ("id", "day", "user_id", "weight") VALUES ('b0852bd6-4470-4297-bfba-625bcdd1fe83', '2023-04-20', '87a1bd29-7953-493e-a3bf-10aafa648278', '85.7');
INSERT INTO "history_entries" ("id", "day", "user_id", "weight") VALUES ('1d8aeaa1-2efd-418d-8606-46fcc06a6593', '2023-04-19', '87a1bd29-7953-493e-a3bf-10aafa648278', '85.63');
INSERT INTO "history_entries" ("id", "day", "user_id", "weight") VALUES ('08806cb4-8fee-43db-a214-26c46fe477ee', '2023-04-18', '87a1bd29-7953-493e-a3bf-10aafa648278', '85.7');
INSERT INTO "history_entries" ("id", "day", "user_id", "weight") VALUES ('ebe206ff-bd70-400f-94f7-55493ed63988', '2023-04-17', '87a1bd29-7953-493e-a3bf-10aafa648278', '85.78');
INSERT INTO "history_entries" ("id", "day", "user_id", "weight") VALUES ('ad62ea08-4c2e-4b3d-871e-1c87fac35ec4', '2023-04-16', '87a1bd29-7953-493e-a3bf-10aafa648278', '85.7');
INSERT INTO "history_entries" ("id", "day", "user_id", "weight") VALUES ('fd0c5f4b-cc87-4b8b-aa85-d9fc819b3982', '2023-04-15', '87a1bd29-7953-493e-a3bf-10aafa648278', '85.63');
INSERT INTO "history_entries" ("id", "day", "user_id", "weight") VALUES ('4cb2a23a-e3c8-466b-a7ad-c7156416f481', '2023-04-14', '87a1bd29-7953-493e-a3bf-10aafa648278', '85.55');
INSERT INTO "history_entries" ("id", "day", "user_id", "weight") VALUES ('e4c5edd5-71b8-4997-9749-42d1f2bcf148', '2023-04-13', '87a1bd29-7953-493e-a3bf-10aafa648278', '85.63');
INSERT INTO "history_entries" ("id", "day", "user_id", "weight") VALUES ('65f76003-c7bc-4911-b4b4-d490d7346545', '2023-04-12', '87a1bd29-7953-493e-a3bf-10aafa648278', '85.7');
INSERT INTO "history_entries" ("id", "day", "user_id", "weight") VALUES ('09873d04-8204-4b25-82ea-ea49670f78e3', '2023-04-11', '87a1bd29-7953-493e-a3bf-10aafa648278', '85.63');
INSERT INTO "history_entries" ("id", "day", "user_id", "weight") VALUES ('89d27aff-da1b-463b-8575-94489ca67fa8', '2023-04-10', '87a1bd29-7953-493e-a3bf-10aafa648278', '85.7');
INSERT INTO "history_entries" ("id", "day", "user_id", "weight") VALUES ('af46f830-109f-4d5b-82b3-406d01bbebbd', '2023-04-09', '87a1bd29-7953-493e-a3bf-10aafa648278', '85.78');
INSERT INTO "history_entries" ("id", "day", "user_id", "weight") VALUES ('d3b1a3e4-40c7-4603-88cc-86d57e8aec24', '2023-04-08', '87a1bd29-7953-493e-a3bf-10aafa648278', '85.86');
INSERT INTO "history_entries" ("id", "day", "user_id", "weight") VALUES ('e15d9c24-37e0-47f3-9a74-a57a6d74acb7', '2023-04-07', '87a1bd29-7953-493e-a3bf-10aafa648278', '85.78');
INSERT INTO "history_entries" ("id", "day", "user_id", "weight") VALUES ('9787c832-0fb4-48be-bc89-2717442102ef', '2023-04-06', '87a1bd29-7953-493e-a3bf-10aafa648278', '85.7');
INSERT INTO "history_entries" ("id", "day", "user_id", "weight") VALUES ('8c746da4-ab0b-474f-ab0c-2f47e94fca5a', '2023-04-05', '87a1bd29-7953-493e-a3bf-10aafa648278', '85.63');
INSERT INTO "history_entries" ("id", "day", "user_id", "weight") VALUES ('fe494e42-b3a4-475c-8de1-72e4d31c9a3a', '2023-04-04', '87a1bd29-7953-493e-a3bf-10aafa648278', '85.7');
INSERT INTO "history_entries" ("id", "day", "user_id", "weight") VALUES ('1b99d035-1372-45d2-93fc-0d09ec3f8bd9', '2023-04-03', '87a1bd29-7953-493e-a3bf-10aafa648278', '85.63');
INSERT INTO "history_entries" ("id", "day", "user_id", "weight") VALUES ('4c0f78cd-79fc-4a15-988e-8c593c9ee3f7', '2023-04-02', '87a1bd29-7953-493e-a3bf-10aafa648278', '85.7');
INSERT INTO "history_entries" ("id", "day", "user_id", "weight") VALUES ('2d93e918-40fc-44e8-928a-fb1ae7cca57b', '2023-04-01', '87a1bd29-7953-493e-a3bf-10aafa648278', '85.63');
INSERT INTO "history_entries" ("id", "day", "user_id", "weight") VALUES ('10d5402b-d20f-40c2-9a43-7e823b2fb19f', '2023-03-31', '87a1bd29-7953-493e-a3bf-10aafa648278', '85.55');
INSERT INTO "history_entries" ("id", "day", "user_id", "weight") VALUES ('388f9827-4f8b-426b-9f0e-081d905d4070', '2023-03-30', '87a1bd29-7953-493e-a3bf-10aafa648278', '85.47');
INSERT INTO "history_entries" ("id", "day", "user_id", "weight") VALUES ('7feb3549-48b2-4c40-a35e-06061c7e8b4b', '2023-03-29', '87a1bd29-7953-493e-a3bf-10aafa648278', '85.39');
INSERT INTO "history_entries" ("id", "day", "user_id", "weight") VALUES ('10a3cc09-f0e6-47e5-bce3-11aeb9cd4ecb', '2023-03-28', '87a1bd29-7953-493e-a3bf-10aafa648278', '85.31');
INSERT INTO "history_entries" ("id", "day", "user_id", "weight") VALUES ('3b96cf24-51ec-474e-b65d-81cccaf59531', '2023-03-27', '87a1bd29-7953-493e-a3bf-10aafa648278', '85.23');
INSERT INTO "history_entries" ("id", "day", "user_id", "weight") VALUES ('01a46e39-7a11-4b79-a9d3-631c8595d7bb', '2023-03-26', '87a1bd29-7953-493e-a3bf-10aafa648278', '85.16');
INSERT INTO "history_entries" ("id", "day", "user_id", "weight") VALUES ('c3970b24-3b2d-4c4f-a5f2-9e97cc0471c3', '2023-03-25', '87a1bd29-7953-493e-a3bf-10aafa648278', '85.23');
INSERT INTO "history_entries" ("id", "day", "user_id", "weight") VALUES ('8a364d7b-ab94-47db-b8dd-eb4dc36497b4', '2023-03-24', '87a1bd29-7953-493e-a3bf-10aafa648278', '85.16');
INSERT INTO "history_entries" ("id", "day", "user_id", "weight") VALUES ('7f629fa7-63ff-4590-8e95-0f7d11095900', '2023-03-23', '87a1bd29-7953-493e-a3bf-10aafa648278', '85.08');
INSERT INTO "history_entries" ("id", "day", "user_id", "weight") VALUES ('a0f049b0-8eec-4e1b-918d-edb97feb07f6', '2023-03-22', '87a1bd29-7953-493e-a3bf-10aafa648278', '85');
INSERT INTO "history_entries" ("id", "day", "user_id", "weight") VALUES ('eef8ef91-1624-4e78-a43d-aec99224f00d', '2023-03-21', '87a1bd29-7953-493e-a3bf-10aafa648278', '84.92');
INSERT INTO "history_entries" ("id", "day", "user_id", "weight") VALUES ('4de76336-10d1-4af8-98ec-658457ed0f2b', '2023-03-20', '87a1bd29-7953-493e-a3bf-10aafa648278', '85');
INSERT INTO "history_entries" ("id", "day", "user_id", "weight") VALUES ('ec9555b7-faa6-4c4a-9712-6f47e4eae003', '2023-03-19', '87a1bd29-7953-493e-a3bf-10aafa648278', '84.92');
INSERT INTO "history_entries" ("id", "day", "user_id", "weight") VALUES ('b58dde20-e045-44fa-a310-f40466196aa3', '2023-03-18', '87a1bd29-7953-493e-a3bf-10aafa648278', '85');
INSERT INTO "history_entries" ("id", "day", "user_id", "weight") VALUES ('473e3694-c303-4e36-a7c5-04410472d266', '2023-03-17', '87a1bd29-7953-493e-a3bf-10aafa648278', '85.08');
INSERT INTO "history_entries" ("id", "day", "user_id", "weight") VALUES ('7915a939-95fc-4655-b42a-12c8d68bb778', '2023-03-16', '87a1bd29-7953-493e-a3bf-10aafa648278', '85');
INSERT INTO "history_entries" ("id", "day", "user_id", "weight") VALUES ('1a01ea30-8448-40c8-9d2a-c46ecc4e998a', '2023-03-15', '87a1bd29-7953-493e-a3bf-10aafa648278', '84.92');
INSERT INTO "history_entries" ("id", "day", "user_id", "weight") VALUES ('e0a565c3-21fc-4ab4-8246-3f4cb6e8e116', '2023-03-14', '87a1bd29-7953-493e-a3bf-10aafa648278', '84.84');
INSERT INTO "history_entries" ("id", "day", "user_id", "weight") VALUES ('24a46918-3c3f-445e-aa41-d93555fd2fd8', '2023-03-13', '87a1bd29-7953-493e-a3bf-10aafa648278', '84.92');
INSERT INTO "history_entries" ("id", "day", "user_id", "weight") VALUES ('0ef20d98-88e7-4f53-902d-362a744c880c', '2023-03-12', '87a1bd29-7953-493e-a3bf-10aafa648278', '84.84');
INSERT INTO "history_entries" ("id", "day", "user_id", "weight") VALUES ('005b5196-0fa8-4c48-b6d3-869cde71ea42', '2023-03-11', '87a1bd29-7953-493e-a3bf-10aafa648278', '84.77');
INSERT INTO "history_entries" ("id", "day", "user_id", "weight") VALUES ('70e9f615-3d75-4a55-a763-f7dda2478b36', '2023-03-10', '87a1bd29-7953-493e-a3bf-10aafa648278', '84.69');
INSERT INTO "history_entries" ("id", "day", "user_id", "weight") VALUES ('6377df0d-2bbb-40c9-aafb-3c93e9b34cd7', '2023-03-09', '87a1bd29-7953-493e-a3bf-10aafa648278', '84.61');
INSERT INTO "history_entries" ("id", "day", "user_id", "weight") VALUES ('23c26340-7d31-42a7-93b9-c59fd322197d', '2023-03-08', '87a1bd29-7953-493e-a3bf-10aafa648278', '84.53');
INSERT INTO "history_entries" ("id", "day", "user_id", "weight") VALUES ('08285baf-015e-44d3-bd04-dd9154cdd0a3', '2023-03-07', '87a1bd29-7953-493e-a3bf-10aafa648278', '84.45');
INSERT INTO "history_entries" ("id", "day", "user_id", "weight") VALUES ('bfe1bfc1-4c3e-4b62-91c8-cf7791b0a070', '2023-03-06', '87a1bd29-7953-493e-a3bf-10aafa648278', '84.53');
INSERT INTO "history_entries" ("id", "day", "user_id", "weight") VALUES ('8e75529e-4bdb-4c55-a1ba-38d4be8353ed', '2023-03-05', '87a1bd29-7953-493e-a3bf-10aafa648278', '84.61');
INSERT INTO "history_entries" ("id", "day", "user_id", "weight") VALUES ('6cfd0776-192a-4955-bb23-f79fca1f69c3', '2023-03-04', '87a1bd29-7953-493e-a3bf-10aafa648278', '84.53');
INSERT INTO "history_entries" ("id", "day", "user_id", "weight") VALUES ('763089c1-4ded-467b-8659-67ccb7cd2386', '2023-03-03', '87a1bd29-7953-493e-a3bf-10aafa648278', '84.45');
INSERT INTO "history_entries" ("id", "day", "user_id", "weight") VALUES ('a4b1c343-66c7-44ec-b491-6d428c575978', '2023-03-02', '87a1bd29-7953-493e-a3bf-10aafa648278', '84.38');
INSERT INTO "history_entries" ("id", "day", "user_id", "weight") VALUES ('86e60a80-3518-400f-8c58-85048c2914a1', '2023-03-01', '87a1bd29-7953-493e-a3bf-10aafa648278', '84.3');
INSERT INTO "history_entries" ("id", "day", "user_id", "weight") VALUES ('1db2801f-123f-484c-80cb-b5d24ff44807', '2023-02-28', '87a1bd29-7953-493e-a3bf-10aafa648278', '84.38');
INSERT INTO "history_entries" ("id", "day", "user_id", "weight") VALUES ('b58ba0ac-04da-4fed-a76d-c4f3ef1823c3', '2023-02-27', '87a1bd29-7953-493e-a3bf-10aafa648278', '84.3');
INSERT INTO "history_entries" ("id", "day", "user_id", "weight") VALUES ('5134b73d-617c-451e-8b1d-ca5eb8723dcb', '2023-02-26', '87a1bd29-7953-493e-a3bf-10aafa648278', '84.22');
INSERT INTO "history_entries" ("id", "day", "user_id", "weight") VALUES ('b3f87b06-1b5e-4c09-bf12-ee78dbfd5787', '2023-02-25', '87a1bd29-7953-493e-a3bf-10aafa648278', '84.14');
INSERT INTO "history_entries" ("id", "day", "user_id", "weight") VALUES ('770898af-7afd-46aa-a072-3be1da6e4204', '2023-02-24', '87a1bd29-7953-493e-a3bf-10aafa648278', '84.22');
INSERT INTO "history_entries" ("id", "day", "user_id", "weight") VALUES ('62a7a258-ae32-4367-a867-4862a835451c', '2023-02-23', '87a1bd29-7953-493e-a3bf-10aafa648278', '84.14');
INSERT INTO "history_entries" ("id", "day", "user_id", "weight") VALUES ('52fc6a32-d972-49b1-bc15-f41456e993a6', '2023-02-22', '87a1bd29-7953-493e-a3bf-10aafa648278', '84.06');
INSERT INTO "history_entries" ("id", "day", "user_id", "weight") VALUES ('a41f12e8-d038-4d64-884f-c42b9ec53268', '2023-02-21', '87a1bd29-7953-493e-a3bf-10aafa648278', '83.98');
INSERT INTO "history_entries" ("id", "day", "user_id", "weight") VALUES ('74c5f9f9-3396-4de8-a5d2-8eedc0d3bb25', '2023-02-20', '87a1bd29-7953-493e-a3bf-10aafa648278', '83.91');
INSERT INTO "history_entries" ("id", "day", "user_id", "weight") VALUES ('879c449d-46b9-4f78-ace1-0ed61ae12f7c', '2023-02-19', '87a1bd29-7953-493e-a3bf-10aafa648278', '83.83');
INSERT INTO "history_entries" ("id", "day", "user_id", "weight") VALUES ('083584fc-1101-4c1f-88c1-385280380dee', '2023-02-18', '87a1bd29-7953-493e-a3bf-10aafa648278', '83.91');
INSERT INTO "history_entries" ("id", "day", "user_id", "weight") VALUES ('a01ba064-d699-4400-8f44-bf67f2d3073e', '2023-02-17', '87a1bd29-7953-493e-a3bf-10aafa648278', '83.83');
INSERT INTO "history_entries" ("id", "day", "user_id", "weight") VALUES ('5facb339-2232-4124-8d13-bed98af81d7d', '2023-02-16', '87a1bd29-7953-493e-a3bf-10aafa648278', '83.75');
INSERT INTO "history_entries" ("id", "day", "user_id", "weight") VALUES ('e0e8757a-1bc5-4935-9658-e45d8a3903b1', '2023-02-15', '87a1bd29-7953-493e-a3bf-10aafa648278', '83.67');
INSERT INTO "history_entries" ("id", "day", "user_id", "weight") VALUES ('6bc666dd-51ad-421c-80dc-7cd4b629a604', '2023-02-14', '87a1bd29-7953-493e-a3bf-10aafa648278', '83.59');
INSERT INTO "history_entries" ("id", "day", "user_id", "weight") VALUES ('eaf75786-6ff9-4961-9081-3b234f6c6fbd', '2023-02-13', '87a1bd29-7953-493e-a3bf-10aafa648278', '83.52');
INSERT INTO "history_entries" ("id", "day", "user_id", "weight") VALUES ('6717f60c-206d-43f2-8d50-d71953544570', '2023-02-12', '87a1bd29-7953-493e-a3bf-10aafa648278', '83.44');
INSERT INTO "history_entries" ("id", "day", "user_id", "weight") VALUES ('1938a349-6069-4cdd-828a-b0cb8252c91a', '2023-02-11', '87a1bd29-7953-493e-a3bf-10aafa648278', '83.36');
INSERT INTO "history_entries" ("id", "day", "user_id", "weight") VALUES ('9cf0447b-47ca-42c9-b55e-3693a6edf0ad', '2023-02-10', '87a1bd29-7953-493e-a3bf-10aafa648278', '83.28');
INSERT INTO "history_entries" ("id", "day", "user_id", "weight") VALUES ('d952e2ff-9425-4181-9612-f8e65110e59a', '2023-02-09', '87a1bd29-7953-493e-a3bf-10aafa648278', '83.2');
INSERT INTO "history_entries" ("id", "day", "user_id", "weight") VALUES ('07c70564-b835-4594-b2ee-eec9b01c75d1', '2023-02-08', '87a1bd29-7953-493e-a3bf-10aafa648278', '83.13');
-- history_entries | End
